year,Afghanistan,Albania,Algeria,Andorra,Angola,Antigua and Barbuda,Argentina,Armenia,Aruba,Australia,Austria,Azerbaijan,The Bahamas,Bahrain,Bangladesh,Barbados,Belarus,Belgium,Belize,Benin,Bhutan,Bolivia,Bosnia and Herzegovina,Botswana,Brazil,Brunei Darussalam,Bulgaria,Burkina Faso,Burundi,Cabo Verde,Cambodia,Cameroon,Canada,Central African Republic,Chad,Chile,China,Colombia,Comoros,Dem. Rep. of the Congo,Republic of Congo,Costa Rica,Croatia,Cyprus,Czech Republic,Côte d'Ivoire,Denmark,Djibouti,Dominica,Dominican Republic,Ecuador,Egypt,El Salvador,Equatorial Guinea,Eritrea,Estonia,Eswatini,Ethiopia,Fiji,Finland,France,Gabon,The Gambia,Georgia,Germany,Ghana,Greece,Grenada,Guatemala,Guinea,Guinea-Bissau,Guyana,Haiti,Honduras,Hong Kong SAR,Hungary,Iceland,India,Indonesia,Iran,Iraq,Ireland,Israel,Italy,Jamaica,Japan,Jordan,Kazakhstan,Kenya,Kiribati,Republic of Korea,Kosovo,Kuwait,Kyrgyz Republic,Lao P.D.R.,Latvia,Lebanon,Lesotho,Liberia,Libya,Lithuania,Luxembourg,Macao SAR,Madagascar,Malawi,Malaysia,Maldives,Mali,Malta,Marshall Islands,Mauritania,Mauritius,Mexico,Fed. States of Micronesia,Moldova,Mongolia,Montenegro,Morocco,Mozambique,Myanmar,Namibia,Nauru,Nepal,Netherlands,New Zealand,Nicaragua,Niger,Nigeria,North Macedonia,Norway,Oman,Pakistan,Palau,Panama,Papua New Guinea,Paraguay,Peru,Philippines,Poland,Portugal,Puerto Rico,Qatar,Romania,Russian Federation,Rwanda,Saint Kitts and Nevis,Saint Lucia,Saint Vincent and the Grenadines,Samoa,San Marino,Saudi Arabia,Senegal,Serbia,Seychelles,Sierra Leone,Singapore,Slovak Republic,Slovenia,Solomon Islands,Somalia,South Africa,Republic of South Sudan,Spain,Sri Lanka,Sudan,Suriname,Sweden,Switzerland,Syria,São Tomé and Príncipe,Taiwan Province of China,Tajikistan,Tanzania,Thailand,Timor-Leste,Togo,Tonga,Trinidad and Tobago,Tunisia,Turkmenistan,Tuvalu,Republic of Turkiye,Uganda,Ukraine,United Arab Emirates,United Kingdom,United States,Uruguay,Uzbekistan,Vanuatu,Venezuela,Vietnam,West Bank and Gaza,Yemen,Zambia,Zimbabwe,Africa (Region),Asia and Pacific,Australia and New Zealand,Caribbean,Central America,Central Asia and the Caucasus,East Asia,Eastern Europe ,Europe,Middle East (Region),North Africa,North America,Pacific Islands ,South America,South Asia,Southeast Asia,Sub-Saharan Africa (Region) ,Western Europe,Western Hemisphere (Region),ASEAN-5,Advanced economies,Emerging and Developing Asia,Emerging and Developing Europe,Emerging market and developing economies,Euro area,European Union,Latin America and the Caribbean,Major advanced economies (G7),Middle East and Central Asia,Other advanced economies,Sub-Saharan Africa,World
1980-01-01,4.345486111111112,2.7,-5.4,2.8773809523809524,2.4,8.2,0.7,5.29,5.399885193783502,2.9,2.3,4.46,7.1,7.5,5.372916666666666,4.4,2.18,4.4,5.0,9.3,5.0,0.6,9.288187464957007,12.0,9.2,-0.1498403769849863,5.7,4.0,-6.8,5.3,4.810679926910306,9.9,2.2,-3.0,-6.0,7.9,7.9,4.4,7.4,2.4,12.7,0.8,2.41,5.9,2.8878092006033187,5.2,-0.5,-0.703478613988243,13.4,8.0,4.9,3.4,-8.6,4.8,17.300729463387576,3.55,-3.8,4.0,-1.7,5.7,1.8,0.0,0.7,1.98,1.3,0.5,0.7,15.1,3.7,2.6,3.3020833333333335,-2.1,7.3,0.6,10.3,0.2,5.7,5.3,9.9,-21.6,7.490839925478526,2.9,3.6,3.1,-4.0,3.2,11.1,3.55,5.6,0.1,-1.6,1.2179174463445177,-20.4,2.72,10.0,2.95,1.5,-0.8,-5.5134652709229615,0.6,3.75,3.2,-9.721167821331985,0.8,0.4,7.4,18.8,3.3,7.0,2.45,-5.498936326504157,-10.1,9.5,2.4499999999999997,0.56,6.4,7.626102661265861,3.8,4.2,13.46055453183579,1.014807991787964,2.45,-2.3,2.0416666666666665,1.0,4.6,4.9,2.955783437604212,-1.536041281517794,4.5,6.1,6.9,2.4500000000000006,4.5,-2.3,11.7,7.7,5.1,-6.0,6.7,1.5041666666666664,-1.0,3.3,0.94,-3.6,1.3,-0.5,2.9,-6.1,2.8186006960318,5.7,-0.8,5.638230457423902,-2.3,-0.6,10.1,3.4406862745098046,3.440686274509804,-2.7,2.4162490842908624,6.6,8.164147665851699,1.2,5.8,2.5,-6.5,4.6,5.1,10.5,-1.1,8.0,4.47,3.3,4.6,3.2352939862031,-2.3,15.8,10.4,7.4,4.82,2.45,-0.8,-3.4,-1.74,-1.8,-2.2,-0.3,6.0,4.7,5.5,-4.9,-3.5,-5.390225898982154,-1.5140585067422307,3.9,-7.449284756235511,3.2810066548758146,4.4,2.6,4.3,2.3,-0.48752256504588853,4.2,-0.9,1.4,-3.5,0.3,1.0,-1.9,5.7,5.2,7.0,5.398119132318314,1.6,2.2,7.7,1.3,6.3,-0.8,3.3,3.9886780491257903,1.8,6.4,0.9,-1.9,3.8,3.991920363586798,2.1
1981-01-01,7.199999999999999,5.7,3.0,0.38571428571428573,-4.4,3.8,-5.7,3.7984615384615386,-3.6246984215052938,4.1,-0.1,2.34,-2.9,2.8,3.8,-1.9,3.09,-0.3,0.2,1.9,13.6,0.3,17.13519241965846,8.2,-4.4,-0.5602594112839099,5.3,2.7,12.2,8.4,5.093668850293252,17.1,3.5,13.0,-10.8,6.2,5.1,2.3,5.5,0.9,2.6,-2.3,0.0971428571428571,3.1,1.015974979488837,3.5,-0.7,2.766427789219147,10.8,4.3,3.9,2.2,-5.7,5.8,8.76910364548571,3.182142857142857,6.9,0.0,6.0,1.3,1.1,-4.0,-9.5,-0.11818181818181817,0.1,-3.8,-1.6,1.4,0.6,0.6,-0.5,0.6,1.1,-1.2,9.2,2.9,4.3,6.0,7.6,-5.7,-13.127220632031149,2.5,4.7,0.6,4.4,4.2,15.0,2.569230769230769,4.1,0.2,7.2,7.816567203183231,-18.9,1.5107692307692309,15.3,1.8461538461538463,0.5,3.1,8.283026798863387,-20.0,3.840625,0.8,20.319169604770412,-9.8,-5.2,6.9,7.9,-4.5,2.7,3.983333333333333,7.5939390579395045,5.9,8.5,3.9833333333333334,-1.0818181818181816,8.4,2.2752144331866453,-2.8,5.0,12.046855928324435,7.3447802690501955,3.9833333333333334,8.3,-0.5,3.0,5.4,-0.2,11.897519682287864,2.482870204872081,1.6,17.1,6.2,3.9833333333333334,9.2,1.1,9.2,5.5,3.4,-10.0,3.5,1.1,-3.9,0.1,0.4,2.5,2.7,5.1,3.9,-9.1,-1.4513099831717886,1.9,5.1,5.947761829654352,-3.9,1.9,10.8,1.2746424531351002,1.2746424531351002,-1.8,3.5346191802113003,5.4,5.363928428244899,-0.4,5.3,6.3,1.9,4.5,1.6,8.5,-10.3,7.1,3.272307692307692,0.5,5.9,2.2664716460056478,-3.4,14.0,4.6,5.5,3.68,3.9833333333333334,4.4,3.9,-2.42,8.0,-0.9,2.5,1.9,3.3833333333333337,4.4,-1.3,5.8,-0.004687162389580557,-0.09394063042500922,6.6,4.850500325242219,1.9654417349935382,5.2,3.9,2.2,1.4,4.72749978486375,4.8,-2.6,0.0,0.4,-3.6,3.3,2.5,-2.3,6.0,6.5,3.011766380991588,0.3,2.0,6.5,2.0,5.9,-0.5,1.9,1.792948910742008,0.1,0.9,2.0,-0.2,4.2,4.567689352868429,1.9
1982-01-01,5.116666666666666,2.9,6.4,0.3714285714285715,0.0,-0.1,-3.1,2.306923076923077,4.538833227822779,0.1,1.9,0.21999999999999975,6.3,6.4,2.4,-4.9,4.0,0.6,-7.6,1.7,8.2,-3.9,-13.127301624139836,15.9,0.6,0.7308660174083385,4.2,1.4,-1.1,2.8,8.823783040984589,7.6,-3.2,-3.6,5.4,-13.6,9.0,0.9,4.1,-0.5,2.4,-7.3,0.8942857142857142,6.3,1.535004257620208,0.2,3.7,-2.9555414992945477,4.1,1.7,1.2,7.3,-6.3,2.2,-4.629034828857483,2.814285714285714,1.4,1.0,-1.1,3.1,2.5,4.1,20.8,-2.2163636363636363,-0.8,-8.3,-1.1,4.1,-3.5,1.8,4.2,-8.9,-2.8,-2.1,2.9,2.8,2.2,3.5,2.2,23.2,7.021128742414453,1.5,1.4,0.2,3.1,3.3,5.8,1.5884615384615384,5.1,0.7,8.3,1.754095307291823,-9.5,0.30153846153846153,4.7,0.7423076923076923,-36.8,5.6,5.09958242350917,1.5,3.93125,1.0,-29.280219458502593,-1.9,2.5,5.9,7.5,-11.6,0.1,2.2500000000000004,3.424307483654474,5.5,-0.5,2.2500000000000004,-2.723636363636363,8.3,-2.1842605417260113,9.6,-6.9,9.72632658851293,5.796317884886921,2.2500000000000004,3.8,-1.3,2.9,-0.8,2.2,7.6702410949529405,2.311884876145063,0.2,11.5,7.6,2.2500000000000004,5.3,0.8,-1.4,-0.3,3.6,-4.8,2.2,-3.0,-8.2,3.9,-0.1399999999999999,-2.5,6.1,2.1,2.6,-1.0,-3.045567288792178,-20.7,7.8,8.627335730782749,-2.1,1.8,7.1,1.4639907886231414,1.4639907886231418,-1.7,2.03997441719034,-0.4,-5.6162294383058295,1.2,5.2,4.1,-6.3,1.4,-1.3,2.6,3.1,4.8,2.0746153846153845,0.6,5.4,14.465461741372764,-3.7,12.8,3.8,-0.5,2.54,2.2500000000000004,3.4,8.2,-3.1,-7.2,1.7,-1.8,-9.4,2.066666666666667,2.0,2.6,8.2,4.876972574916328,2.835121573831917,-2.9,11.486120562013786,3.56924979569983,4.2,0.5,0.2,-1.8,2.5467360258825984,4.8,0.5,0.7,-2.4,5.5,-1.8,0.3,-0.4,4.2,4.1,5.680359879604923,0.7,-1.4,3.8,0.2,5.1,1.4,1.5,5.395555391487961,0.6,-0.5,-0.1,0.4,2.2,8.03734074168675,0.7
1983-01-01,4.283333333333334,1.1,5.4,1.4714285714285715,4.2,5.4,3.7,0.8153846153846152,1.9306033554646511,-0.5,2.8,-1.9000000000000004,6.8,7.0,4.0,0.5,4.3,0.3,6.1,-2.0,7.3,-4.0,11.56835641252123,10.8,-3.4,1.9380824645713974,3.0,-1.2,3.7,9.5,0.27158061325707195,6.8,2.6,-6.0,15.7,-2.8,10.8,1.6,3.1,1.4,2.4,2.9,2.2342857142857144,5.3,2.084867407761922,-2.5,2.6,4.45215546417648,2.6,4.6,-2.8,8.9,1.5,5.0,13.203970465270375,2.446428571428571,-0.5,7.8,-4.2,3.1,1.3,2.0,13.5,-4.3145454545454545,1.6,-6.2,-1.1,3.3,-2.5,1.3,-3.4,-11.5,-1.5,0.9,6.0,0.7,-2.2,7.3,4.2,11.1,-13.785808884054257,-0.7,2.6,0.9,4.2,3.5,1.4,0.6076923076923078,1.6,-2.7,13.4,2.525000882973716,5.3,-0.9076923076923076,3.0,-0.3615384615384616,22.7,3.0,4.030916246304391,-4.7,4.021875,1.9,18.452147852300275,0.9,3.7,6.3,4.4,3.2,2.6,1.5333333333333332,0.8732211531771603,0.4,-3.5,1.5333333333333332,-4.365454545454545,5.8,1.8747654024303975,-0.6,-15.7,7.029578235060141,6.870643331988314,1.5333333333333332,-3.0,1.8,-0.1,4.6,-3.9,0.2980025419127652,-2.685683727149319,4.0,15.9,6.8,1.5333333333333332,-4.5,3.4,-3.0,-9.3,1.9,5.6,1.0,0.5,-5.3,6.0,-0.6799999999999997,6.0,-2.1,4.1,3.2,0.5,0.20414327402903965,-16.1,-5.3,3.6479956085415144,-0.6,-1.6,8.6,1.6827508888170652,1.6827508888170655,3.9,4.929434259034558,-1.8,-8.419394327061973,1.7,3.3,-1.5,-5.1,2.1,0.6,1.6,-3.9,9.0,0.8769230769230769,2.4,5.6,3.4920485397253533,-5.2,5.8,-10.3,4.7,1.4,1.5333333333333332,4.8,4.9,-3.7800000000000002,-5.2,3.9,4.6,-5.9,0.75,3.0,-9.9,7.1,5.698162758543272,4.699500122104661,-1.1,-4.224586097698391,0.5281852124437547,5.4,-0.4,-1.9,0.9,8.570459190038957,6.0,4.5,2.0,-1.1,3.6,3.5,1.0,-2.8,6.7,4.6,4.683174328366437,1.7,2.1,4.5,3.2,7.0,4.6,1.8,4.752000021312034,1.7,-2.8,3.3,0.7,4.0,3.3005083866274325,2.6
1984-01-01,6.166666666666667,2.0,5.6,2.585714285714286,6.0,10.2,2.0,-0.6761538461538459,-15.680825125778878,6.3,0.3,-4.0200000000000005,2.4,4.2,5.2,3.6,3.0,2.5,11.3,0.4,7.6,-0.2,11.718156319232243,6.5,5.3,4.36456322808188,4.6,1.6,0.2,3.8,10.050700113700724,7.5,5.9,9.9,5.3,5.9,15.2,3.4,4.2,4.8,2.4,8.0,2.0028571428571427,8.8,2.680852083436925,-2.0,4.2,5.273083303069848,4.2,1.3,4.2,8.0,1.3,1.0,-1.763867949448298,2.0785714285714283,2.5,-2.3,10.1,3.2,1.6,4.9,-7.6,-6.412727272727272,2.8,9.4,2.0,4.0,0.5,1.4,5.5,2.1,0.2,6.3,10.0,2.7,4.1,3.8,7.6,-7.1,35.98303561634916,3.2,2.2,3.0,0.9,4.5,5.5,-0.3730769230769231,1.6,2.4,10.6,0.8755370692278106,5.2,-2.116923076923077,6.4,-1.4653846153846155,44.5,4.3,7.489651189308258,-8.3,4.1125,4.7,-25.846881470692452,1.8,5.4,7.8,17.4,2.4,0.8,10.9,6.4232668701050155,4.8,3.4,10.9,-6.007272727272726,5.9,-11.269091393807978,4.3,-6.5,3.1301950433885217,5.7397785563648505,10.899999999999999,9.7,3.1,6.9,-1.6,-16.8,5.417318853188962,6.3694357295179564,6.1,13.9,4.0,10.899999999999999,2.7,-1.0,2.8,3.8,-7.3,-0.4,-1.0,7.3,16.0,6.0,-1.2199999999999998,13.0,9.7,8.0,5.3,2.0,-0.5999348387582497,-4.7,3.7,3.8051383735816584,4.3,1.7,8.8,2.436805106658048,2.4368051066580483,0.2,3.2317051339867047,5.1,1.8806772128978104,1.7,6.7,-5.6,-3.0,4.3,3.1,-6.5,-6.0,10.0,-0.3207692307692307,3.4,5.8,3.442145820879257,5.9,44.1,-5.8,5.7,0.2599999999999998,10.9,6.8,-3.0,-4.46,4.5,1.9,7.2,-1.5,-0.5666666666666664,9.6,5.2,8.4,21.143173912697094,9.007611391694601,-1.7,5.399269546982223,4.436514832885662,6.5,6.4,-0.2,2.1,8.096000667935087,7.7,2.9,2.5,-1.4,3.5,6.7,3.9,4.4,4.1,4.9,4.7734683044851955,2.5,6.1,4.6,4.8,7.5,4.1,4.1,-0.5999344407892058,2.5,3.9,5.0,0.3,6.6,5.023939867883733,4.6
1985-01-01,5.433333333333333,-1.5,5.6,2.8285714285714287,3.5,7.6,-7.0,-2.167692307692307,10.612587306212308,5.5,2.2,-6.1400000000000015,4.1,-0.9,3.2,1.1,1.7,1.7,-1.4,4.3,4.3,-1.7,9.222208346323908,7.7,7.9,4.643842716201118,1.8,11.3,11.8,8.6,8.02662762067734,8.1,4.7,3.7,7.9,2.0,13.5,3.1,2.9,0.5,2.4,0.7,0.38571428571428573,4.7,2.225350010566357,3.6,4.0,3.209677022505689,1.4,-2.1,4.4,7.4,0.6,12.9,7.383929343950938,1.7107142857142854,1.9,-11.4,-3.8,3.5,1.7,5.8,3.6,-8.51090909090909,2.2,6.4,2.5,6.0,-0.6,5.0,4.3,0.4,0.8,5.6,0.7,-0.3,3.3,5.3,3.9,1.9,3.759912985630754,1.9,4.5,2.6,-0.9,5.2,-1.1,-1.3538461538461535,4.1,-4.5,7.8,-0.24345407783066353,-4.3,-3.3261538461538467,9.1,-2.56923076923077,24.3,3.3,-5.712592963817705,0.6,4.203125,5.6,25.777420066184046,1.2,4.6,-0.9,13.8,3.2,2.4,-0.20000000000000018,0.9899805458637161,6.9,2.2,-0.20000000000000004,-7.649090909090907,5.7,6.637938600097888,6.3,1.0,7.427895144403675,-1.2018709866222719,-0.20000000000000018,6.1,2.7,1.2,-4.1,7.7,6.892109923742137,0.569027152333573,5.6,14.5,8.7,-0.20000000000000018,4.9,3.6,3.9,2.1,-7.3,3.9,1.6,2.1,-13.0,-0.1,-1.7599999999999998,4.4,6.4,12.6,4.3,5.8,-6.396953427497383,-9.8,3.3,4.1527821089450665,10.3,-6.7,-0.6,2.414388736263736,2.4143887362637364,-3.1,4.343461786181772,-1.2,-32.05758887054886,2.4,5.0,-0.6,-0.9,2.3,3.7,7.3,9.3,4.8,-1.5184615384615379,4.6,4.6,7.243694412501801,3.7,5.6,-4.1,5.7,-0.8800000000000008,-0.19999999999999982,4.3,-3.0,-5.140000000000001,-2.5,3.7,4.2,0.3,-1.8833333333333329,1.0,0.9,5.6,2.3277757283643403,6.178464743526719,1.2,-4.923883348041592,4.040600713763466,5.8,4.8,-0.1,0.2,4.470482221662675,7.3,1.6,2.5,-1.6,5.3,4.0,1.1,3.9,5.7,1.7,1.2034031195650021,2.6,3.9,1.3,3.7,6.6,2.4,3.5,2.625531717148555,2.2,3.2,3.8,1.2,4.3,4.113735839661504,3.6
1986-01-01,5.383333333333333,5.6,-0.2,3.3857142857142857,2.9,11.5,7.1,-3.6592307692307697,4.019062446713135,2.4,2.3,-8.260000000000002,2.6,0.5,4.2,5.1,3.6,1.8,7.3,2.7,8.0,-2.6,18.580245679652165,8.6,7.5,-2.7,5.3,8.0,3.2,2.9,7.483968495710203,6.8,2.1,7.2,6.0,5.6,8.9,5.8,2.2,4.7,2.3,5.5,1.6400000000000006,3.6,2.7581155524339915,4.8,4.9,2.9420721901135187,7.1,3.5,3.1,4.8,0.2,-2.3,5.638540514370636,1.3428571428571425,18.6,9.7,6.6,2.7,2.3,-2.1,2.4,-10.60909090909091,2.4,6.2,0.5,7.4,0.1,3.1,-1.0,-0.2,0.3,5.3,11.1,1.5,6.3,4.8,7.2,-9.8,20.988957727569275,0.4,3.6,2.7,7.0,3.3,5.9,-2.3346153846153843,7.0,1.0,11.3,0.8000799502126643,8.6,-4.535384615384615,4.8,-3.6730769230769234,-6.8,4.1,3.114423452704044,-11.4,4.29375,10.0,16.522552008686695,2.0,-0.2,1.2,8.6,6.1,3.8,3.633333333333333,9.475571396639454,9.7,-3.1,3.633333333333333,-9.29090909090909,9.4,0.9264421623697732,8.3,-2.3,7.174170044967903,7.2847514982581725,3.633333333333333,4.6,3.1,1.8,-1.0,6.4,-2.5162641910228674,1.6745074005245622,4.0,2.1,6.4,3.633333333333333,3.6,5.7,0.3,12.1,3.4,3.5,3.3,8.2,3.7,2.4,-2.2999999999999994,5.5,8.8,14.4,5.4,4.8,3.1062993651637507,17.0,3.1,3.3636376991667745,0.8,0.1,1.3,2.603737071751777,2.603737071751777,-0.2,4.364070179536421,0.0,20.89650870423715,3.4,4.3,9.9,-2.4,3.0,1.8,-4.8,-5.8,11.5,-2.716153846153846,6.6,5.5,6.287517595403539,3.3,8.8,-3.3,-1.5,-2.0200000000000005,3.6333333333333337,6.9,0.9,-5.82,-19.3,2.6,3.5,7.5,-3.2,-0.1,6.1,3.4,0.8909916052990163,12.52814039033217,1.7,14.214397140745703,6.856712821443063,5.4,2.4,1.9,2.2,1.0568802138535816,5.8,3.1,2.7,1.9,0.5,2.7,5.6,7.1,4.9,5.0,5.555788075251161,2.6,3.7,5.2,3.3,6.2,4.4,4.3,-0.5719950923478585,2.7,4.3,3.0,2.0,5.5,2.760954623476586,3.6
1987-01-01,6.1499999999999995,-0.8,-0.7,2.2142857142857144,4.1,6.6,2.5,-5.150769230769231,16.1,4.9,1.7,-10.379999999999999,3.7,-1.2,3.7,2.6,2.8,2.3,22.0,-2.1,20.2,2.5,32.67443594437322,14.9,3.6,2.0,4.7,-0.2,5.5,4.3,2.5501410401415,-2.2,4.1,0.0,3.6,6.6,11.7,5.4,2.2,2.7,2.3,4.8,1.7942857142857147,7.1,2.757849420093481,-0.5,0.3,6.161603861298499,6.3,10.1,-6.0,4.3,2.5,4.4,-6.991048197266002,0.9749999999999996,10.0,13.9,-7.2,3.6,2.6,-15.4,2.8,-12.707272727272727,1.5,6.7,-2.3,9.1,3.6,3.3,5.6,-0.1,-0.4,6.6,13.4,4.1,8.5,4.0,6.6,-0.2,-2.855346849516005,3.6,7.5,3.1,7.7,4.7,2.7,-3.315384615384615,5.8,0.4,12.7,2.4659864515031504,8.1,-5.7446153846153845,-1.0,-4.776923076923077,16.7,2.1,2.028169907989096,-14.7,4.384375,4.0,10.850994006024997,1.2,1.6,5.4,8.9,2.5,5.7,0.5333333333333331,-6.636594773077774,10.2,1.7,0.5333333333333331,-10.932727272727272,3.5,1.4927899388253798,-2.5,14.7,10.48074581915105,5.572739688210454,0.5333333333333332,1.7,1.9,2.4,-0.7,0.1,7.365778530359172,3.931088817413247,1.8,-4.0,5.8,0.5333333333333334,-1.8,2.8,4.1,7.7,4.3,2.3,7.6,4.9,0.9,0.8,-2.8399999999999994,-0.3,8.3,3.9,0.6,0.5,-0.8636345653591686,-6.6,6.1,2.2604349508958155,4.9,2.4,10.8,2.8636736425339366,2.8636736425339375,8.4,3.39385678952944,2.1,1.1702112637407085,5.7,1.5,6.5,-8.8,3.3,1.5,1.3,-2.9,12.8,-3.913846153846154,5.9,9.5,17.775643652920298,-2.5,1.7,-4.6,6.7,-3.16,0.5333333333333332,10.0,4.0,-6.500000000000001,5.3,5.2,3.5,5.9,-4.516666666666667,-2.9,4.8,2.5,-10.901918014197182,-2.8168366619104437,1.5,7.669642935037624,4.782306558154438,6.8,4.5,1.7,4.4,6.6065910903268765,7.7,2.4,2.9,-0.5,-0.7,3.3,-0.1,3.8,4.1,6.5,3.486979373881865,3.0,3.5,6.9,3.8,7.2,5.0,4.0,2.156574620920588,2.6,3.3,3.5,-0.1,6.5,3.2069267300305904,3.9
1988-01-01,7.283333333333334,-1.4,-1.9,4.342857142857143,6.1,5.2,-2.0,-6.642307692307692,18.6,4.3,1.0,-12.5,2.3,6.0,2.2,3.5,5.3,4.7,10.9,3.4,15.1,2.9,-6.610005801049715,23.4,0.3,1.1,2.4,5.8,5.0,6.0,9.6,-7.9,4.4,1.7,7.5,7.3,11.2,4.1,5.1,0.5,21.9,3.4,-0.48000000000000004,8.3,3.218475336880314,1.1,0.0,3.349849859550388,7.8,2.2,10.5,4.0,1.9,2.7,-3.1475182961927723,0.6071428571428568,7.6,0.6,3.5,5.2,4.6,3.5,1.7,-14.805454545454545,3.7,6.5,4.3,2.9,3.9,6.3,2.0,-6.0,0.6,1.7,8.5,-0.1,-0.1,9.6,7.0,-6.1,15.438093903631028,3.0,3.6,4.0,-4.0,6.8,2.9,-4.296153846153846,6.1,9.1,12.0,6.001723070061829,-10.0,-6.953846153846154,-2.1,-5.880769230769231,-28.2,7.7,-3.661852333035788,7.6,4.475,8.5,24.98300852819024,3.4,3.2,9.9,8.7,0.1,6.8,1.9333333333333333,6.826427548644185,6.8,1.3,1.9333333333333333,-12.574545454545452,5.1,0.7934946848970537,10.4,8.2,1.8193900993887215,-1.8640221332752023,1.9333333333333331,7.7,4.6,0.6,-12.4,6.9,7.537843495146395,5.002332553777821,-0.3,5.2,6.4,1.9333333333333331,-13.4,2.9,5.9,-9.4,6.8,3.3,5.3,6.5,4.7,-0.5,-3.3799999999999994,0.3,10.4,13.9,13.2,2.9,-1.4375239378258455,13.1,-0.6,2.9949505703878705,5.3,2.1,11.3,4.029492566257272,4.029492566257272,1.3,3.905725657680044,4.2,6.289037056997998,5.3,2.7,4.3,10.8,2.5,3.3,12.7,2.0,8.0,-5.111538461538461,4.4,13.3,7.045832864810856,10.1,-3.5,-3.9,0.1,-4.300000000000001,1.9333333333333331,2.1,8.3,-7.180000000000001,-2.6,5.2,4.2,0.5,-5.833333333333333,-1.7,6.5,5.1,-2.0816499886439805,-0.5153591611889925,9.3,1.8682755008583878,3.090966306582729,7.8,3.7,0.4,0.1,0.7502074940614012,8.4,1.4,3.9,2.8,3.3,3.9,2.8,1.1,8.3,8.4,7.324972916474092,4.2,3.3,8.8,4.8,9.3,1.6,4.5,0.4187176465421121,3.8,1.1,4.7,3.3,5.5,4.251992073717191,4.7
1989-01-01,4.3500000000000005,9.8,4.8,4.928571428571429,0.0,5.3,-7.0,-8.133846153846154,12.1,4.6,3.9,-14.620000000000001,2.3,1.0,2.6,3.6,3.0,3.5,15.5,-2.8,6.2,3.8,-11.236758970535512,4.7,3.2,-1.1,-0.5,2.2,1.3,5.7,3.3,-1.8,2.3,3.8,2.0,10.6,4.2,3.4,-0.8,-1.3,21.3,5.7,-1.897142857142857,8.1,3.102113535502958,3.0,0.6,4.827594841093058,-0.2,4.4,0.3,3.0,1.0,-1.2,-0.43162548180937055,0.23928571428571388,9.4,-0.5,13.9,5.1,4.5,15.4,4.3,-16.903636363636362,3.9,4.5,3.8,3.8,3.9,4.0,2.9,-4.9,-1.1,2.7,2.3,0.7,0.3,5.9,9.1,6.1,-11.446957780200508,5.6,1.4,3.3,4.7,4.9,-10.7,-5.276923076923077,4.6,-3.1,7.1,4.583406596530839,25.9,-8.163076923076924,9.9,-6.984615384615386,-42.2,5.5,6.393619447328511,7.2,4.565625,9.8,-2.956597198020435,4.1,1.3,9.1,9.3,10.7,7.1,2.716666666666667,5.617798236786941,4.5,4.1,2.7166666666666663,-14.216363636363633,4.2,8.910827669950253,2.4,6.5,12.864124278837629,0.822884065758386,2.716666666666667,4.3,4.5,0.4,-1.7,1.0,11.201616899808112,1.8134813197302302,1.0,3.0,4.8,2.716666666666667,1.6,-1.4,5.8,-13.4,6.2,3.8,6.6,4.9,5.3,-5.8,-3.9199999999999995,-5.7,6.0,9.0,3.3,5.8,-0.15654281349314503,-0.5,4.0,0.48371051523920006,10.3,5.0,10.2,4.265899725274725,4.265899725274725,4.3,3.2775913455745616,2.4,-22.482776962023493,5.0,2.3,1.4,2.3,2.7,4.4,-6.1,3.1,8.7,-6.309230769230768,3.8,12.2,12.30933336831416,4.1,1.1,-0.8,2.6,-5.440000000000001,2.7166666666666677,0.3,6.4,-7.86,15.7,2.2,3.7,1.1,-7.1499999999999995,1.5,-13.9,7.8,3.7891920008952336,-2.089709717584455,-3.7,0.6311189880744819,3.4430827291670134,5.4,4.1,1.8,3.2,4.11519859050766,5.0,0.1,3.4,4.3,4.1,3.6,4.0,-0.1,5.5,9.1,7.412343805056734,3.7,2.8,9.4,3.9,6.3,0.1,3.5,2.3703593919627455,3.6,1.1,3.8,4.3,4.6,2.2062186391677785,3.8
1990-01-01,5.983333333333334,-10.0,0.8,4.171428571428572,-3.5,3.0,-1.3,-9.625384615384615,4.0,1.5,4.3,-16.740000000000002,1.1,3.5,5.9,-3.3,-2.3,3.1,11.2,9.0,9.1,4.6,14.862181570486662,8.8,-4.2,1.1,-9.1,-0.6,3.5,0.7,1.1,-6.2,0.2,1.4,3.2,3.7,3.9,4.3,7.4,-6.6,1.0,3.6,-4.1571428571428575,7.4,1.3433794005767983,-1.1,1.5,1.03157159831287,5.4,-5.5,3.0,2.3,4.8,2.5,1.9893058081667518,-0.128571428571429,9.9,2.6,5.8,0.2,2.9,5.1,5.7,-19.00181818181818,5.7,3.6,0.0,4.2,3.1,4.3,4.6,-3.0,-0.4,2.8,3.8,-3.5,1.2,5.5,9.0,13.6,1.9097854726400536,7.7,6.6,2.0,4.9,4.9,-1.6,-6.257692307692307,4.1,-1.3,9.9,4.388857587742174,-26.2,-9.372307692307693,6.7,-8.08846153846154,-13.4,5.2,-4.251131241422771,3.7,4.65625,5.3,-6.92658650253849,3.1,5.7,9.0,-4.0,9.3,4.7,3.3333333333333335,8.89350807028572,7.2,5.2,3.3333333333333335,-15.858181818181814,-2.5,3.410128114675481,4.0,1.0,10.926243872982601,-0.8458128835788856,3.3333333333333335,4.6,4.2,0.0,-0.1,-1.3,5.494774910045923,-0.7851242523926656,1.9,8.4,4.6,3.3333333333333335,8.1,-3.1,4.1,-5.1,3.0,-7.2,7.9,3.8,-14.6,-5.6,-4.459999999999999,0.4,5.5,9.9,4.8,-6.4,8.945299441487457,15.2,-0.7,4.407685829157359,7.5,1.6,9.8,3.2728951195862956,3.2728951195862956,2.2,3.5818846200269046,-0.3,16.917779977474495,3.8,6.2,0.8,-1.5,0.8,3.7,10.4,-2.2,5.5,-7.5069230769230755,7.0,11.6,2.3133393034354466,5.9,4.7,1.5,7.1,-6.580000000000002,3.3333333333333335,9.3,6.5,-8.540000000000001,23.6,0.6,1.9,0.3,-8.466666666666665,11.7,6.5,5.0,9.39311312566852,-3.1619242152386753,-0.6,-3.8651035733371084,2.6847337686134036,5.6,1.3,1.6,1.8,13.149426659538346,5.0,-6.4,2.4,12.1,2.5,2.1,0.5,-1.3,5.3,8.4,2.205105546584429,3.2,1.4,8.7,3.1,5.9,-0.4,4.1,0.9120373481273375,2.7,0.6,2.8,8.7,4.3,5.617412265655661,3.4
1991-01-01,5.266666666666667,-28.0,-1.2,3.0714285714285716,12.1,2.2,10.5,-11.116923076923076,8.0,-1.0,3.4,-18.86,-4.2,2.3,3.3,-3.9,-1.2,1.8,11.5,4.2,4.9,5.3,18.646427394608693,6.2,1.0,3.1,-10.8,9.1,5.8,1.4,7.6,-3.8,-2.1,-0.8,10.4,7.8,9.0,2.4,-6.2,-8.4,3.4,2.3,-7.988571428571428,0.7,-0.637785245015166,0.0,1.4,-4.5,1.3,0.9,5.1,2.1,1.5,-1.2,-1.276378853230641,-0.4964285714285719,1.8,-7.2,-2.7,-5.9,1.1,6.1,2.2,-21.1,5.0,4.8,3.1,1.4,3.0,2.5,7.3,6.0,1.3,-3.3,5.7,-11.9,-0.2,1.1,8.9,12.7,32.856012823232696,1.6,4.6,1.4,0.8,3.4,-5.7,-7.2384615384615385,1.3,0.1,10.8,12.219803384161473,-41.0,-10.581538461538463,4.0,-9.192307692307693,38.2,4.8,9.136442797827835,18.3,4.746875,8.6,6.352796298027548,-6.3,8.7,9.5,6.9,7.7,5.9,3.6666666666666665,0.0,4.4,4.2,3.666666666666667,-17.5,-9.2,3.8442771116479637,7.2,6.6,5.064559953412472,5.3,3.666666666666667,6.4,2.5,-1.3,-0.2,-0.4,-0.6,4.515330731601173,3.1,6.0,5.1,3.6666666666666665,9.4,9.6,3.5,2.2,-0.4,-7.0,3.4,2.3,-1.5,-12.9,-5.0,-4.3,2.3,0.4,2.2,-2.4,-2.142831037835493,15.0,2.6,1.3617563934265176,2.8,-8.0,6.7,1.7740081609566902,1.77400816095669,6.0,5.5806019444461,-1.0,35.67165738283134,2.5,10.8,7.0,-13.8,-1.1,-0.9,10.7,1.2,8.4,-8.704615384615384,2.1,8.4,1.5374625167010727,-0.6,5.9,3.1,4.1,-7.720000000000001,3.6666666666666665,0.9,1.8,-9.22,2.1,-1.7,-0.1,3.5,-9.783333333333331,3.1,9.7,5.8,-6.831016141073711,6.3,-0.7,-2.078630707137788,2.3,4.9,-1.0,0.6,2.2,8.957480223199369,5.8,-10.2,1.0,10.5,4.8,0.2,5.0,3.9,2.4,7.3,0.5,1.9,1.0,7.5,1.6,6.1,-5.7,4.5,6.930964874131046,1.4,3.8,1.2,8.5,3.7,0.2,2.7
1992-01-01,3.5333333333333328,-7.2,1.6,1.4714285714285715,11.4,1.2,10.3,-12.60846153846154,5.9,2.6,2.1,-20.98,-3.8,7.1,5.0,-5.7,-9.6,1.5,12.0,3.0,2.1,1.6,-9.966479353522718,-0.2,-0.5,4.8,-8.4,0.2,1.0,3.0,7.1,-3.1,0.9,-4.9,2.4,11.2,14.3,4.4,7.4,-10.5,4.2,9.2,-5.242857142857142,9.4,0.30935650887573957,-0.3,2.0,0.6,2.0,11.2,3.6,0.3,7.0,33.0,6.354898212730479,-0.8642857142857148,3.2,-8.9,6.1,-3.3,1.5,-3.1,1.8,-44.9,1.9,4.5,0.7,-0.8,4.6,3.3,3.1,7.8,-2.3,6.1,6.2,-3.1,-3.4,5.5,6.5,3.3,9.020256844849053,3.6,7.2,0.7,2.8,0.8,16.9,-8.21923076923077,-1.1,1.3,6.2,11.398368555752882,82.8,-11.79076923076923,7.0,-10.296153846153846,4.5,6.2,-3.32524664543248,-4.5,4.8375,1.8,-5.683412199135913,1.2,-7.3,8.9,6.5,-1.6,8.1,5.449999999999999,1.8,6.5,3.5,5.45,-29.7,-9.3,8.2223616809436,-2.1,-6.1,8.152978584239875,9.3,5.45,4.1,1.6,0.7,0.4,2.0,2.2,0.33059640848160443,3.6,8.5,7.6,5.449999999999999,8.2,13.8,1.7,-0.5,0.4,2.0,3.1,4.6,10.4,-8.8,-14.5,6.6,3.1,8.0,7.1,4.1,5.912247592982133,4.0,1.2,2.782821416158237,7.2,-9.6,6.6,1.6045329670329669,1.604532967032967,12.7,2.3128450205698416,-2.1,13.127357895506046,0.9,-3.1,5.5,3.9,-0.9,-0.1,13.2,0.7,8.3,-9.90230769230769,0.6,9.2,6.0238635663826265,-3.2,-3.8,10.1,8.0,-8.860000000000001,5.450000000000001,6.0,5.9,-9.9,3.1,0.0,3.5,7.9,-11.1,2.6,6.1,8.7,3.7695179203058964,8.2,2.1,-13.367558185567832,0.1,5.5,2.3,2.5,7.3,3.899635692193121,5.7,-11.3,-1.9,7.4,0.0,3.3,10.6,3.0,5.5,6.7,0.3,1.2,3.3,6.6,2.2,8.9,-8.7,2.5,1.4,1.0,3.3,2.1,4.9,4.0,0.0,2.3
1993-01-01,4.333333333333333,9.6,-2.1,0.45714285714285713,11.0,5.3,6.3,-14.1,7.3,3.9,0.5,-23.1,0.3,7.6,4.6,0.8,-7.6,-1.0,6.3,5.8,3.2,4.3,12.130226896164496,4.0,4.7,0.3,-11.6,3.5,-6.2,7.3,4.0,-3.2,2.7,-1.2,-2.1,6.6,13.9,5.7,2.5,-13.5,1.3,7.1,-8.0,0.7,-0.6151203830891332,-0.2,0.0,-6.8,2.2,7.4,2.0,2.9,5.8,10.5,12.9,-1.2321428571428577,3.1,13.4,2.6,-0.7,-0.7,3.9,3.8,-29.3,-1.0,4.8,-1.6,-2.0,3.4,5.0,2.3,8.2,-4.9,6.5,6.2,-0.6,1.3,4.8,8.0,-1.5,25.882486485880662,2.3,3.8,-0.8,2.2,-0.5,4.4,-9.2,-0.1,1.0,6.9,3.081493923081084,35.1,-13.0,5.9,-11.4,7.0,3.8,-9.286328185947102,-5.5,4.928125,4.2,0.6617532183581689,2.1,9.7,9.9,5.4,3.6,3.9,3.5833333333333335,5.9,5.1,2.7,3.583333333333333,-1.2,-3.2,-4.711433300714413,-0.7,10.6,7.582636352516196,-1.6,3.583333333333333,3.8,1.3,5.2,-0.4,0.3,1.6,-7.5,2.8,6.1,2.1,3.5833333333333335,5.5,13.3,4.9,5.2,2.2,4.3,-0.7,4.6,-0.9,1.5,-8.7,-10.4,5.4,0.6,3.6,1.7,3.383967364533918,-1.4,1.3,-2.348376808857169,7.3,0.1,11.5,0.010887896825396716,2.8,4.0,4.204533694767324,1.2,-1.6594950819281702,-1.3,7.5,2.8,-2.2,-1.8,-0.1,7.4,1.1,6.8,-11.1,1.2,8.7,-7.801597823669317,-16.3,-0.1,-0.7,2.5,-10.0,3.5833333333333335,8.0,6.7,-14.2,0.0,2.1,2.8,2.7,-2.3,0.7,0.3,8.1,-0.43542845435877275,4.0,-0.1,-6.682938018769961,0.9,5.2,4.1,0.0,5.4,2.1,5.2,-6.8,-1.8,1.6,-0.3,2.8,9.1,4.5,4.3,7.8,1.7,-0.2,3.1,7.9,1.3,9.0,-4.4,3.0,-0.8,-0.6,4.0,1.1,0.2,4.2,1.6,2.0
1994-01-01,5.6000000000000005,9.4,-0.9,2.642857142857143,10.5,6.7,5.8,5.4,8.2,4.8,2.4,-19.7,3.1,3.2,4.1,2.0,-11.7,3.2,0.2,2.0,2.2,4.7,1.47123435672294,-0.8,5.3,3.1,-3.7,1.3,-3.8,6.9,8.2,-2.5,4.5,12.6,5.5,5.0,13.0,5.1,-4.0,-6.1,-1.4,4.5,5.9,5.9,3.3084134615384615,0.2,5.3,-1.4,0.0,2.6,4.3,4.2,4.7,16.8,20.9,-1.6,2.4,3.5,5.1,4.0,2.4,3.7,-3.4,-10.4,2.4,3.5,2.0,1.8,3.5,4.0,3.0,8.5,-11.6,0.2,6.0,2.9,3.6,6.7,7.5,-1.7,19.914675338676005,5.9,7.0,2.1,1.9,0.9,5.0,-12.6,2.5,1.8,9.3,0.37875876974923406,8.6,-19.8,8.2,2.2,8.0,4.5,-2.4571146165379893,3.2,5.018750000000001,3.8,-4.16346581371092,0.0,-10.3,9.2,7.5,3.8,4.6,6.1000000000000005,-3.1,4.1,4.9,6.1000000000000005,-30.9,2.1,0.6249790195608385,10.6,6.5,14.238037306160539,3.0,6.1000000000000005,8.2,3.0,5.6,5.0,1.9,0.3,-1.8,5.1,3.8,4.4,6.1000000000000005,2.8,10.5,5.3,12.3,4.4,5.2,1.5,4.2,1.9,3.9,-12.7,-41.9,5.4,1.6,-1.2,6.4,0.6236989415781312,0.6,-0.2,11.280490978769187,-2.4,3.5,11.1,6.2,5.3,8.1,3.5166173723407868,3.2,-43.28426307498934,2.3,8.0,3.5,-7.0,3.9,1.3,5.5,2.2,7.5,-21.4,1.6,8.0,4.30496067067743,13.9,2.0,3.6,3.6,-17.3,6.1000000000000005,-5.5,7.7,-22.9,7.4,3.5,4.0,7.3,-5.2,9.1,-2.3,8.8,7.853215982467192,6.7,-13.3,-13.960991164006847,2.5,5.5,4.9,-0.5,3.4,-7.4,6.2,-8.3,0.2,1.9,3.4,4.2,8.6,4.9,6.2,7.7,1.9,2.7,4.3,7.7,3.3,9.3,-8.4,3.1,2.5,2.7,4.7,3.0,1.4,6.2,1.8,3.2
1995-01-01,5.533333333333334,8.9,3.8,1.9571428571428569,10.4,-4.4,-2.8,8.0,2.5,3.0,2.7,-13.0,4.4,1.9,4.9,2.0,-11.1,2.4,0.6,6.0,6.0,4.7,20.7,8.5,4.4,4.5,-1.6,5.7,-7.9,7.5,6.0,3.3,2.7,3.2,-0.8,8.9,11.0,5.2,5.6,2.8,4.0,4.2,6.6,9.9,3.8580528846153848,5.6,3.0,-3.5,3.0,5.7,2.3,4.5,4.7,26.5,2.3,2.2,4.8,6.1,2.6,4.2,2.3,5.0,3.3,2.6,1.5,4.2,2.1,2.2,4.4,4.7,4.0,5.1,9.9,6.2,2.4,2.5,0.1,7.6,8.2,2.4,-22.014787898864284,9.6,9.7,2.7,2.5,2.6,6.0,-8.2,4.3,-0.1,9.6,6.4116947586427635,1.7,-5.4,7.0,-2.1,6.5,2.8,7.953786191836656,-15.4,5.109375,1.4,-9.977855338714647,1.7,13.8,9.8,7.4,3.0,6.9,3.016666666666667,9.8,4.3,-6.3,3.0166666666666666,-1.4,6.4,4.316740356960285,-5.4,2.3,11.406736353227831,4.1,3.0166666666666666,3.5,2.8,4.9,5.9,2.5,1.9,-1.1,4.2,4.8,5.1,3.0166666666666666,1.8,-3.4,6.8,7.4,4.6,6.7,2.3,4.5,0.4,7.1,-4.1,24.5,3.5,1.7,6.8,6.6,-2.746743423234814,0.2,6.1,5.8764343201642735,0.5,-10.0,7.2,7.9,4.1,10.1,-0.49560900705646693,3.1,16.711217517758644,4.1,6.1,8.9,11.3,3.9,0.6,5.4,2.0,6.5,-12.5,3.6,8.1,8.324160355286509,19.7,7.9,3.8,2.7,-7.2,3.0166666666666666,7.2,9.2,-12.2,6.6,2.1,2.7,-1.4,-0.9,1.0,4.0,9.5,7.1,5.7,2.9,-10.972035970392058,2.6,6.4,3.2,5.0,4.7,3.6,6.4,-1.6,1.6,2.7,0.3,1.8,-0.6,3.7,6.9,8.0,4.2,2.5,2.3,7.9,2.9,8.9,-0.3,4.0,2.9,2.8,1.3,2.5,1.7,5.3,3.9,3.3
1996-01-01,7.033333333333334,9.1,3.8,1.6285714285714283,11.2,6.6,5.5,5.2,1.3,4.0,2.4,2.5,4.2,3.2,4.6,4.0,2.8,1.3,1.1,4.3,6.0,4.4,62.2,2.5,2.2,2.9,-8.0,11.0,-8.0,6.7,5.9,4.9,1.6,-6.2,2.1,5.0,9.9,2.1,-0.5,-1.9,3.5,1.4,5.9,1.2,4.5,8.1,2.9,-3.7,3.1,6.0,1.7,4.9,0.8,52.7,9.1,4.9,3.8,13.5,4.8,3.7,1.4,3.6,2.9,10.5,0.8,4.8,2.9,4.4,2.8,4.5,3.7,8.0,4.1,1.9,4.3,0.1,4.6,7.5,7.8,6.4,25.546691263942897,9.1,5.9,1.3,0.2,3.1,1.9,0.5,4.5,1.1,7.9,5.526813493271663,0.6,7.1,6.9,2.6,4.0,4.9,-2.2611012671738235,1.8,5.2,1.5,4.815102537175781,2.2,10.0,10.0,9.1,7.3,4.0,1.9142857142857146,5.8,5.6,6.8,-3.1,-5.9,2.2,8.576403257252197,12.4,11.2,13.791927988572557,3.2,1.9142857142857146,5.3,3.5,4.1,6.3,0.1,4.1,1.2,5.0,2.9,6.6,1.9142857142857146,7.4,6.6,1.6,2.8,5.9,6.2,3.5,2.3,4.2,3.9,-3.6,11.6,5.9,2.9,1.1,7.3,4.468100566135562,2.6,1.9,-0.31829350150878577,10.0,-24.8,7.5,6.9,3.6,1.6,3.78997393440951,4.3,-5.6304083967374945,2.4,12.2,5.5,11.2,1.6,0.5,3.0,1.5,6.2,-4.4,4.5,5.7,-2.468633639771302,-3.9,0.1,7.1,6.9,-6.7,1.9142857142857146,7.0,6.6,-10.0,5.3,1.9,3.8,5.6,1.7,2.3,-0.2,9.3,1.2,4.6,6.2,-3.8463693483445325,5.0,6.5,4.0,4.2,3.8,5.5,6.2,-0.6,1.2,4.2,5.2,3.9,5.7,2.6,7.3,7.5,4.8,1.7,3.6,7.4,3.0,8.4,0.3,5.1,1.6,2.0,3.8,2.7,4.5,4.9,4.8,3.9
1997-01-01,5.216666666666667,-10.9,1.1,3.1999999999999997,7.3,5.5,8.1,3.4,7.0,4.6,2.1,8.9,4.9,2.3,4.5,4.7,11.4,3.8,3.6,5.7,5.5,5.0,22.9,7.1,3.4,-1.5,-14.1,6.3,0.4,7.6,4.0,5.3,4.3,4.1,5.7,7.4,9.2,3.4,4.4,-7.8,-1.0,5.5,6.6,2.6,-0.5,5.7,3.3,-1.2,2.2,8.9,4.3,5.9,3.1,148.0,7.9,13.0,3.1,2.8,-2.4,6.3,2.3,5.7,1.4,10.5,1.8,5.8,4.5,4.9,4.1,5.2,6.0,6.2,2.7,4.6,5.1,3.1,5.8,4.0,4.7,1.4,29.16260379843321,10.7,3.8,1.8,-1.6,1.0,3.7,1.7,0.4,2.0,6.2,1.3757775531325986,2.5,9.9,6.9,8.8,10.2,3.5,-8.004795694418291,-2.6,8.3,5.9,14.289719990617318,3.7,6.6,7.3,10.4,4.8,4.8,-1.342857142857143,-4.0,5.7,6.8,-6.1,1.6,3.9,5.025209089014342,-1.6,11.3,6.817580699864923,4.2,-1.3428571428571427,5.3,4.3,2.5,4.0,1.5,2.9,1.4,5.3,6.2,1.7,-1.342857142857143,6.5,-6.3,4.2,6.5,5.2,7.1,4.4,4.9,27.7,-6.1,1.4,14.9,7.3,-0.7,3.7,0.8,-5.868313202856829,1.1,2.7,3.258212673870682,12.2,-17.6,8.3,4.4,5.0,-0.9,1.3095987276417336,2.6,-4.195613088423212,3.9,10.3,6.1,7.0,3.1,2.2,-1.1,1.0,6.1,1.7,3.5,-2.8,-6.231672166525465,3.8,-0.6,7.5,5.7,-11.3,-1.342857142857143,7.5,4.6,-3.0,8.6,4.5,4.4,5.0,5.2,4.9,6.4,8.2,14.7,5.2,3.8,-4.8548573021421095,3.2,4.7,4.3,3.6,5.6,6.5,5.0,1.6,2.7,3.2,2.6,4.7,-4.4,4.8,4.0,4.1,3.6,3.0,4.7,3.8,3.5,6.1,2.7,4.7,2.6,2.6,5.3,3.2,3.0,4.7,3.5,4.0
1998-01-01,3.6999999999999993,8.8,5.1,3.614285714285714,4.7,4.7,3.9,6.3,2.0,4.6,3.6,6.0,4.7,4.8,5.2,3.7,8.4,2.0,3.9,4.0,6.0,5.0,13.8,-1.6,0.3,-0.6,3.8,7.3,4.8,8.4,4.7,4.9,3.9,3.3,7.0,4.2,7.9,0.6,0.0,-3.9,8.9,7.2,1.9,6.1,-0.4,4.9,2.2,0.1,3.8,6.7,3.3,7.5,2.7,24.8,2.0,4.3,2.6,-4.2,1.3,5.5,3.6,3.5,6.5,3.1,2.0,5.0,3.9,11.8,4.6,3.6,-22.4,-1.7,2.2,3.6,-5.9,3.9,7.4,6.2,-13.1,2.1,-17.626882861950243,8.8,4.1,1.8,-1.2,-1.3,3.2,-1.9,3.0,6.9,-5.1,2.955435422793209,3.7,2.1,4.3,6.3,3.9,1.4,4.895241857831044,-0.7,7.5,6.5,19.445032044178188,3.9,1.1,-7.4,9.8,2.9,3.4,-0.7,2.8,6.1,5.2,2.7,-6.5,3.3,-4.349265920278931,7.2,9.9,6.345349172013261,3.3,2.4625,2.9,4.7,0.4,3.7,10.0,2.5,3.4,2.7,2.7,3.5,2.4625,7.3,4.7,0.1,-0.4,-0.5,5.0,4.8,6.5,10.3,-4.8,-5.3,8.3,1.0,6.3,4.5,1.1,7.5,2.9,6.0,2.4,2.5,-0.8,-2.2,4.1,3.3,1.3,3.7442067762523457,0.5,17.056237670609907,4.5,-1.6,8.2,2.2,4.3,2.9,5.6,2.5,4.2,5.3,3.7,-7.6,-0.9689576045438861,-2.3,2.3,8.1,5.0,6.7,2.4625000000000004,3.1,6.1,-1.9,0.8,3.2,4.5,4.5,4.3,1.2,0.3,5.8,14.3,6.0,-0.4,-1.0625979452092547,4.0,1.4,4.1,3.1,5.4,2.8,2.3,-1.3,2.1,2.9,5.7,4.5,3.4,1.2,5.4,-7.5,2.8,3.1,3.9,-8.8,2.8,2.8,-0.8,2.3,3.0,3.0,2.5,2.9,3.6,1.0,2.4,2.6
1999-01-01,5.316666666666666,12.9,3.2,3.9,2.2,3.7,-3.4,3.2,1.4,4.4,3.6,11.4,7.1,6.0,4.7,0.3,3.4,3.5,9.0,4.4,7.1,0.4,10.7,8.0,0.5,3.1,-8.4,7.3,1.2,11.9,12.7,4.1,5.2,2.9,-0.7,-0.3,7.7,-4.2,2.7,-3.8,-3.7,4.2,-0.9,5.0,1.4,1.6,2.9,2.9,0.4,5.9,-4.7,6.1,2.2,26.4,0.2,-0.4,3.0,6.3,8.7,4.4,3.3,-8.9,6.4,2.9,1.9,4.5,3.1,7.0,3.7,3.8,16.8,3.0,2.7,-0.7,2.5,3.1,4.0,8.5,0.8,2.0,24.8,10.5,3.3,1.6,1.0,-0.3,3.2,2.7,2.2,-1.8,11.5,3.7570633264626627,-1.8,3.7,4.0,2.8,-0.8,1.6,5.409545120202576,-0.2,-1.1,8.4,2.9883471156678776,4.7,3.5,6.1,7.2,6.2,3.8,-1.1,3.7,2.6,2.8,1.5,-3.4,3.1,-1.1878105098037168,1.1,11.7,8.4,3.4,1.4124999999999999,4.5,5.0,4.5,7.0,-0.2,0.5,4.3,2.1,0.3,4.2,1.4124999999999999,3.9,1.9,-1.4,1.5,3.3,4.5,3.9,4.4,3.8,-1.2,6.4,3.3,3.9,2.7,2.1,-0.6,9.0,-3.8,6.0,-12.1,1.9,-8.1,5.7,-0.1,5.3,-0.5,4.663665195697864,2.4,-10.134695484674408,4.7,2.9,4.2,-0.9,4.2,1.6,-3.1,2.5,6.7,3.7,4.8,4.6,5.616548235129562,2.5,2.3,8.0,6.0,16.5,1.4125,-3.3,8.0,-0.2,3.8,3.0,4.8,-1.9,4.3,0.3,-6.0,4.8,8.3,3.8,4.7,-1.1,3.1,4.5,4.4,3.8,4.1,-1.0,4.5,3.7,3.1,1.1,4.0,4.6,3.7,-1.3,7.4,3.3,2.5,3.0,3.5,3.0,3.6,6.5,2.6,3.5,2.9,2.9,0.2,3.2,2.3,5.5,2.4,3.5
2000-01-01,5.766666666666666,6.9,3.8,4.3999999999999995,3.1,6.2,-0.8,5.9,7.7,3.1,3.4,6.2,4.1,7.0,5.3,4.5,5.8,3.7,13.0,5.9,6.9,2.5,4.4,4.3,4.4,2.9,4.6,1.9,1.8,7.3,9.6,3.4,5.2,-3.6,-0.9,5.0,8.5,2.9,-1.0,-8.1,11.8,3.9,3.7,6.0,4.0,-2.1,3.7,0.7,2.3,4.7,1.1,5.4,1.1,110.5,-12.4,10.1,1.8,9.8,-1.7,5.8,4.1,-1.9,5.5,1.8,2.9,3.6,3.9,5.1,2.5,2.5,1.1,-1.3,0.9,7.3,7.7,4.5,5.0,4.0,5.0,5.8,-4.3,9.4,8.7,3.8,0.8,2.8,4.2,9.8,0.3,6.0,9.1,4.091126710581046,4.7,5.4,6.4,5.7,1.1,4.9,4.498598814300858,4.0,3.7,8.4,7.39561789105239,4.5,0.8,8.7,4.8,-0.1,-1.0,1.5,-3.9,8.2,4.9,4.9,2.1,1.1,2.5177503048579157,1.9,1.2,12.4,3.5,0.44999999999999996,6.1,4.2,4.2,4.1,-1.2,5.5,4.5,3.3,6.2,3.9,0.4499999999999999,2.7,-2.5,-2.3,2.7,4.4,4.3,3.8,3.3,6.9,2.9,10.0,8.4,9.7,0.0,1.8,5.1,2.2,5.6,3.9,7.8,4.3,3.8,9.0,1.2,3.7,-14.3,4.343380579477152,4.2,21.134142366099645,5.1,8.4,8.4,-0.1,4.8,4.1,2.3,0.4,6.3,8.3,4.9,4.5,-0.9396432504416263,-1.0,3.8,6.9,4.3,18.6,0.44999999999999973,6.9,3.9,5.9,12.3,4.1,4.1,-1.9,3.8,5.9,3.7,6.8,-8.6,6.2,3.9,-4.2,4.3,5.6,3.2,3.2,3.6,7.2,6.1,7.2,4.6,6.1,4.3,4.2,-2.1,3.2,4.2,5.8,4.2,3.9,4.0,5.6,4.1,6.5,7.5,5.7,3.8,3.9,3.7,3.8,5.5,5.9,4.0,4.8
2001-01-01,3.7833333333333337,8.3,3.0,8.1,4.2,-4.5,-4.4,9.5,4.2,2.7,1.3,6.5,2.6,2.5,5.1,-2.4,4.7,1.1,5.0,5.3,7.0,1.7,2.4,2.3,1.4,2.7,3.8,6.6,1.7,6.1,8.6,3.4,1.8,2.6,11.7,3.2,8.3,1.7,5.4,-2.1,-4.8,3.5,3.1,4.0,3.0,0.1,0.8,1.8,-0.1,2.5,4.0,3.5,0.9,60.0,8.8,6.0,1.1,7.4,1.9,2.6,1.9,2.1,5.8,4.8,1.7,3.8,4.1,-2.0,2.4,3.7,4.8,2.3,-0.3,2.7,0.6,4.1,4.0,4.9,3.6,2.4,-6.6,5.3,0.3,2.0,1.3,0.4,5.0,13.5,4.0,-1.4,4.9,4.6,0.2,5.3,4.8,6.3,3.9,3.3,2.8,2.6,6.5,3.1,-2.790827454608036,6.0,-4.1,0.5,3.5,15.4,-1.2,6.7,-0.8,3.2,-0.4,2.1,6.1,4.6,1.1,7.3,12.1,12.5,2.4,0.65,5.6,2.3,2.5,3.0,7.3,6.7,-3.1,2.1,4.6,2.0,6.5,0.6,-0.1,-0.8,0.6,3.0,1.2,1.9,9.5,4.5,5.1,5.1,8.5,5.3,-3.4,1.6,7.4,5.5,-1.2,4.3,5.0,-2.3,18.2,-1.1,3.3,3.2,-8.0,3.347720327969377,2.7,-16.901275192032358,3.9,-1.9,10.9,4.9,1.4,1.6,3.7,2.4,-1.4,10.2,6.0,3.4,16.3,0.8,1.5,3.7,3.8,20.4,0.7,-5.8,8.8,8.8,1.3,2.2,1.0,-3.8,4.2,-3.4,3.4,6.9,-9.3,3.8,5.3,-0.5,4.5,3.7,2.6,1.7,2.2,-0.9,4.2,4.5,2.7,0.8,3.8,0.9,0.4,0.9,4.3,3.3,5.0,2.1,1.0,2.7,1.5,6.0,2.7,3.6,2.2,2.3,0.6,1.2,2.5,2.2,4.6,2.5
2002-01-01,4.016666666666667,4.5,5.6,4.5,13.7,1.0,-10.9,14.8,-0.9,4.2,1.7,9.4,2.7,3.3,3.8,0.8,5.0,1.7,5.1,4.6,9.5,2.5,5.1,7.4,3.1,3.9,5.9,4.4,2.4,5.3,6.6,4.8,3.0,2.1,8.5,3.2,9.1,2.5,4.6,2.9,1.0,3.4,5.8,3.7,1.6,-1.7,0.5,3.2,-2.8,4.5,4.1,3.2,1.6,19.6,3.0,6.8,4.4,1.6,3.2,1.7,1.2,0.2,-3.2,5.5,-0.2,4.6,3.9,3.4,4.2,5.2,3.7,1.1,1.1,3.8,1.7,4.7,0.6,3.9,4.5,8.1,-7.8,5.9,-0.1,0.3,0.7,0.0,6.6,9.8,0.5,4.0,7.7,-0.4,3.0,0.0,6.8,7.1,3.4,1.6,4.4,-3.7,6.8,3.2,8.9,-12.4,1.8,5.4,6.1,3.1,2.6,3.7,1.4,1.6,0.0,0.6,7.8,5.3,1.9,3.1,9.3,9.9,6.7,2.12,0.1,0.2,4.7,0.8,4.9,14.6,1.5,1.4,-0.8,3.1,5.1,2.2,-0.2,0.0,5.5,3.7,1.4,0.8,2.2,6.9,5.7,4.7,13.2,1.4,0.4,4.9,5.7,0.3,-2.8,0.1,7.1,1.2,26.4,3.9,4.5,3.5,-2.8,5.55916705859719,3.7,1.1831327141844752,2.7,3.7,5.9,3.7,2.2,-0.1,5.9,2.4,5.5,9.1,7.2,6.1,-6.7,3.8,4.5,7.2,1.3,15.8,8.3,6.4,7.1,5.3,2.5,1.8,1.7,-7.7,4.0,-5.2,-8.9,7.1,-12.5,3.9,4.5,-7.7,4.9,5.0,4.2,2.8,3.4,7.1,5.3,4.3,1.8,2.3,3.0,1.6,1.0,0.3,3.8,5.1,6.2,1.1,1.4,4.8,1.6,6.6,4.8,4.4,0.9,1.3,0.4,1.1,3.1,3.9,6.3,2.9
2003-01-01,8.7,5.5,7.2,8.7,3.0,6.1,9.0,14.1,1.1,3.0,0.9,10.2,-1.3,6.3,4.7,2.2,7.0,1.0,9.3,3.4,9.3,2.7,3.9,5.4,1.1,2.9,5.2,7.8,2.5,7.5,8.5,5.0,1.8,-2.2,14.7,4.7,10.0,3.9,2.0,6.6,0.5,4.3,5.6,2.6,3.6,-1.4,0.4,3.2,6.4,-1.3,2.7,3.2,1.6,14.5,-2.7,7.6,3.9,-2.1,0.8,2.0,0.8,1.7,6.9,11.1,-0.7,5.1,5.8,9.5,2.6,1.2,-0.3,-0.7,3.5,4.5,3.1,4.1,2.1,7.9,4.8,8.6,81.8,3.0,1.4,0.1,3.7,1.5,4.0,9.3,2.9,2.0,3.1,2.6,17.3,7.0,6.2,8.4,1.7,4.1,-29.0,16.1,10.6,2.6,11.6,9.8,5.7,5.8,25.4,9.1,4.1,-1.6,6.9,6.0,1.4,1.6,6.6,7.4,2.5,6.0,6.9,13.2,3.5,1.4899999999999998,3.9,0.2,4.4,2.5,2.2,9.5,2.2,0.9,-2.2,4.7,-3.4,4.2,9.0,4.3,4.2,5.1,3.5,-0.9,2.3,4.0,2.3,7.3,2.2,-3.9,4.3,6.1,5.2,3.9,11.2,5.6,4.4,-5.9,9.3,4.5,5.5,3.0,6.5,5.415763573036373,2.9,-9.157565187968558,3.0,5.9,6.3,6.2,2.3,-0.1,-2.0,6.6,4.2,10.2,6.9,7.2,-2.2,6.7,0.1,13.9,4.7,17.1,-4.4,5.8,6.2,9.5,8.8,3.1,2.8,0.8,4.2,4.3,-7.8,7.3,14.0,3.7,6.9,-16.2,5.5,6.1,3.2,5.8,2.1,6.9,5.9,6.1,2.3,12.4,6.3,2.6,6.1,2.1,7.2,5.8,4.9,1.1,2.5,5.5,2.0,8.3,6.2,6.9,0.7,1.1,2.0,1.9,10.2,2.8,4.8,4.3
2004-01-01,0.7,5.5,4.3,8.1,11.0,5.8,8.9,10.5,7.3,4.1,2.7,9.3,0.9,7.0,5.2,1.4,11.4,3.6,4.6,4.4,6.9,4.2,6.3,1.4,5.8,0.5,6.5,4.5,3.8,4.9,10.3,6.6,3.1,-0.1,33.6,6.7,10.1,5.3,3.1,7.7,-0.2,4.4,4.2,5.0,4.8,1.2,2.7,2.8,3.1,2.6,8.2,4.1,0.9,30.4,1.5,6.8,3.6,11.7,5.4,4.0,2.6,1.1,7.0,5.8,1.2,5.4,5.1,-0.6,3.0,2.3,1.2,1.6,-1.3,6.2,8.7,5.0,7.8,7.8,5.0,4.3,53.4,6.8,4.8,1.4,1.3,2.2,8.3,9.6,4.6,-1.6,5.2,0.6,10.8,7.0,7.2,8.3,7.5,2.4,4.0,5.8,6.6,4.2,26.6,5.3,5.4,6.8,6.0,1.6,0.1,-0.3,4.7,4.3,3.9,-3.1,7.4,9.4,4.4,4.8,7.9,15.3,6.6,1.2,4.7,2.0,4.8,5.3,0.4,10.4,4.7,4.0,2.0,7.5,4.1,7.5,0.6,4.1,5.0,6.6,5.0,1.8,2.0,19.2,10.3,7.2,7.4,4.0,7.3,3.7,3.1,4.6,8.0,4.6,9.0,-2.9,6.6,9.9,5.3,4.4,6.7,1.8127919890004047,4.6,-27.343334055604636,3.1,5.4,5.1,7.3,4.3,2.6,6.9,3.8,7.0,10.6,7.8,6.3,0.4,-1.0,-1.9,7.3,6.2,14.7,-1.9,9.8,5.8,11.8,9.6,2.3,3.9,5.0,7.4,4.0,18.3,7.8,21.9,4.0,7.0,-6.3,5.9,6.9,4.2,3.2,3.8,9.5,6.8,7.2,3.5,10.5,4.6,3.8,2.3,7.3,7.5,6.5,6.7,2.3,4.5,6.1,3.3,8.4,7.9,7.9,2.3,2.8,6.1,2.9,8.8,5.3,6.9,5.4
2005-01-01,11.8,5.5,5.9,5.4,15.0,6.5,8.9,14.1,-0.4,3.0,2.2,28.0,3.4,6.8,6.5,4.0,9.5,2.3,2.4,1.7,6.7,4.4,4.2,5.0,3.2,0.4,7.1,8.7,4.4,5.8,13.3,1.2,3.2,2.9,8.3,5.8,11.4,4.4,5.7,9.8,9.2,4.0,4.3,4.9,6.6,1.7,2.3,3.1,0.7,9.4,5.3,4.5,2.7,8.2,2.6,9.5,6.0,12.6,-1.3,2.8,1.7,-0.8,-2.4,9.6,0.7,6.2,0.6,13.3,3.1,3.0,6.6,-1.9,3.1,6.1,7.4,4.3,6.1,9.3,5.7,3.2,1.7,5.7,4.1,0.8,0.9,1.8,8.8,9.7,5.7,5.0,4.3,4.5,10.1,-0.2,6.9,10.7,0.7,3.1,5.9,10.6,7.7,2.5,8.1,4.8,3.3,5.0,-13.1,6.5,3.4,2.3,8.6,1.5,2.3,2.1,7.5,6.5,4.2,3.3,6.6,13.6,4.7,-8.0,3.5,2.0,3.2,4.3,7.3,7.0,4.7,2.7,2.8,9.0,3.7,7.2,4.3,2.1,6.3,4.9,3.5,0.8,-2.0,7.8,4.7,6.4,9.4,9.7,-0.4,2.3,6.6,2.4,5.6,4.3,10.2,9.0,4.5,7.4,6.6,3.8,5.5,2.6146904185301776,5.3,28.229886447018913,3.7,6.2,5.6,4.9,2.9,2.8,6.2,7.1,5.4,6.7,7.4,4.2,3.0,-4.7,-0.4,5.9,3.5,13.0,-3.7,9.0,10.0,3.1,4.9,2.7,3.5,7.5,7.0,5.3,10.3,7.5,11.3,5.6,7.2,-7.4,5.9,7.3,3.0,3.4,5.6,9.8,7.3,5.7,2.9,4.7,5.4,3.3,2.7,5.1,8.9,5.7,6.2,1.9,3.7,5.3,2.8,9.3,6.3,7.1,1.7,2.1,4.4,2.5,5.9,4.2,6.3,4.9
2006-01-01,5.4,5.9,1.7,4.8,11.5,12.7,8.0,13.2,1.1,2.6,3.5,34.5,2.5,6.5,6.7,5.7,10.0,2.6,4.4,3.9,7.1,4.8,5.7,6.0,4.0,4.4,6.8,6.3,5.4,9.1,10.8,3.5,2.6,4.8,0.6,6.0,12.7,6.7,-1.8,5.1,8.0,7.3,4.9,4.7,6.8,1.5,3.9,4.8,4.7,9.2,4.4,6.8,4.3,6.5,-1.0,9.8,6.0,11.5,1.9,4.0,2.6,-1.9,-0.6,9.4,3.8,5.8,5.7,-4.0,5.6,2.5,2.7,5.1,1.8,6.6,7.0,3.9,6.3,9.3,5.5,5.0,5.6,5.0,5.6,1.8,2.9,1.4,8.5,10.7,5.9,0.0,5.3,3.6,7.5,3.1,9.0,12.0,1.5,4.4,8.5,0.3,7.4,6.0,13.4,5.4,4.7,5.6,26.1,4.7,2.5,-0.2,18.3,4.5,4.5,-0.1,4.8,8.2,8.6,7.6,9.7,13.3,3.9,-8.3,3.4,3.5,2.8,3.8,5.9,6.7,5.1,2.5,4.7,5.8,0.0,8.5,2.5,4.8,7.5,5.3,6.1,1.6,-1.4,28.1,8.0,8.2,9.2,3.2,6.2,6.5,2.1,3.8,2.8,2.3,5.1,9.4,4.2,9.0,8.5,5.7,4.9,2.6351284434602613,5.6,0.9233082118595445,4.1,7.7,6.5,5.8,4.7,4.2,5.0,9.1,5.8,7.0,4.7,5.0,-4.1,2.7,-2.2,14.2,5.2,11.0,1.3,6.9,7.0,7.6,9.8,2.2,2.8,4.1,7.5,8.5,9.9,7.0,-1.0,3.2,7.9,-3.6,5.5,7.7,2.6,6.5,7.0,9.0,8.1,7.5,4.3,5.8,4.6,2.9,2.4,5.7,8.5,6.0,6.1,3.1,3.5,5.7,3.0,10.1,7.4,7.9,3.2,3.7,5.4,2.5,6.2,4.8,6.0,5.4
2007-01-01,13.3,6.0,3.4,1.6,14.0,9.3,9.0,13.7,3.1,4.4,3.7,25.5,1.4,8.3,7.1,2.2,8.6,3.7,3.3,6.0,12.9,4.6,6.0,5.8,6.1,0.2,6.7,4.1,3.5,9.2,10.2,4.1,2.1,4.0,3.3,5.2,14.2,6.7,0.8,8.5,-6.6,8.2,5.0,5.1,5.6,1.8,0.9,5.0,6.4,7.4,2.2,7.1,1.9,15.3,1.4,7.6,4.4,11.8,-0.9,5.3,2.4,6.3,3.0,12.6,3.0,4.1,3.3,6.1,6.0,6.5,2.6,7.0,4.7,6.2,6.5,0.3,8.5,9.8,6.3,8.2,1.9,5.3,6.0,1.5,1.4,1.5,8.4,8.9,6.9,2.0,5.8,8.3,6.0,8.5,7.9,9.9,9.3,5.0,13.1,6.2,11.1,8.1,14.5,5.7,9.6,6.3,7.7,3.5,4.8,3.4,-2.0,5.7,2.3,-1.9,3.0,8.8,6.8,3.5,7.7,12.5,3.6,-6.8,3.4,3.8,3.5,5.1,3.1,7.3,6.5,2.9,5.0,5.5,0.9,12.1,7.8,5.4,8.5,6.5,7.1,2.5,-1.2,18.2,7.2,8.5,7.7,0.6,1.9,3.1,0.5,7.1,1.8,2.8,6.4,10.4,8.1,9.0,10.8,7.0,4.4,4.904043491014822,5.4,-1.128076427801156,3.6,6.8,5.7,5.1,3.4,3.9,5.7,3.3,6.9,7.8,8.5,5.4,10.3,-1.2,-2.5,4.3,6.7,11.1,6.9,5.0,8.1,8.2,3.2,2.6,2.0,6.5,9.5,2.9,8.8,7.1,3.8,3.3,8.4,-3.4,6.1,8.6,4.3,3.7,7.0,7.6,9.4,7.7,4.2,5.2,5.5,2.0,4.8,6.8,8.9,6.6,6.5,2.8,3.1,6.4,2.7,11.2,7.2,8.4,3.0,3.4,5.6,2.1,5.9,5.2,6.6,5.6
2008-01-01,3.9,7.5,2.4,-5.6,11.2,0.0,4.1,6.9,1.8,2.5,1.5,10.6,-2.3,6.2,6.0,0.7,10.2,0.4,-1.5,4.9,11.0,6.1,5.6,3.3,5.1,-1.9,6.1,5.8,4.9,6.7,6.7,2.9,1.0,2.6,3.1,3.8,9.6,3.3,4.0,7.4,6.3,4.7,2.0,3.6,2.7,2.5,-0.5,5.8,7.1,3.2,6.4,7.2,2.1,17.8,-19.4,-5.1,0.8,11.2,1.0,0.8,0.2,1.7,6.3,2.4,1.0,9.0,-0.3,0.9,3.7,4.1,4.5,2.0,2.7,4.2,2.1,1.0,2.2,3.9,7.4,0.3,8.2,-4.5,3.3,-1.0,-0.8,-1.2,7.4,3.3,0.2,-2.1,3.0,1.8,2.5,7.6,7.8,-3.2,9.1,3.8,6.1,-0.2,2.6,-0.3,3.4,6.7,7.6,4.8,9.5,4.8,3.8,-6.4,-0.3,5.4,1.1,-2.2,7.8,7.8,7.2,5.9,7.3,7.6,2.6,63.3,6.1,2.2,-0.3,3.4,7.7,7.2,5.5,0.5,9.0,5.0,-5.3,9.9,-0.3,6.5,9.1,4.3,4.2,0.3,-1.8,17.5,9.4,5.2,11.2,11.2,4.9,0.4,3.6,-0.4,6.2,3.7,5.7,-2.1,5.4,1.9,5.6,3.5,5.8,4.9703907079874705,3.2,-2.825385528841293,0.9,6.0,3.8,4.1,-0.5,2.7,4.5,8.2,0.8,7.9,5.6,1.7,11.4,4.1,4.8,3.3,4.2,14.7,6.6,0.8,10.4,2.2,3.2,-0.2,0.1,7.2,9.0,5.6,5.3,5.7,7.4,3.6,7.8,-16.3,5.2,5.0,2.2,1.8,4.4,3.0,5.6,4.8,1.6,4.6,4.7,0.3,0.6,5.0,4.2,5.2,5.5,0.3,1.4,5.1,0.3,7.3,4.3,5.7,0.4,0.9,4.0,0.0,4.9,1.8,5.7,3.1
2009-01-01,20.6,3.4,1.6,-5.3,0.9,-12.0,-5.9,-14.1,-11.7,1.9,-3.8,9.4,-4.2,2.5,5.0,-5.1,0.2,-2.0,-0.4,2.3,5.8,3.4,-0.8,-14.1,-0.1,-1.8,-3.3,3.0,3.8,-1.3,0.1,2.6,-2.9,2.8,4.1,-1.1,9.4,1.1,3.2,0.6,11.6,-0.9,-7.2,-2.0,-4.7,3.3,-4.9,1.6,-1.2,0.9,0.6,4.7,-2.1,1.3,12.2,-14.6,1.6,10.0,-1.4,-8.1,-2.8,-2.3,6.7,-3.7,-5.7,5.7,-4.3,-6.6,0.6,-1.5,2.4,3.3,5.9,-2.4,-2.5,-6.6,-7.7,8.5,4.7,1.0,3.4,-5.1,0.9,-5.3,-3.4,-5.7,5.0,1.2,3.3,0.8,0.8,5.0,-7.1,2.9,7.4,-14.3,10.2,0.4,5.2,-4.4,-14.8,-3.2,1.3,-4.0,8.3,-1.5,-7.2,4.7,-1.1,2.6,0.1,3.3,-5.3,1.0,-6.0,-2.1,-5.8,4.2,6.3,4.4,0.3,-6.0,4.5,-3.7,-1.1,-3.3,2.0,8.4,-0.4,-1.9,6.0,0.4,-6.8,1.2,6.8,-0.3,1.1,1.4,2.8,-3.1,-2.0,13.1,-5.6,-7.8,6.2,-3.4,-1.9,-1.2,-0.5,-10.1,-2.1,2.8,-2.7,-1.1,3.2,0.1,-5.5,-7.5,2.6,3.605708611882269,-1.5,23.72169488032605,-3.8,3.5,-2.8,3.0,-4.3,-2.3,5.9,2.4,-1.6,3.9,5.4,-0.7,10.1,5.5,-5.2,-4.8,3.0,6.1,-5.6,-4.8,8.1,-15.1,-5.2,-4.5,-2.6,4.2,8.1,3.0,-3.2,5.4,8.6,3.9,9.2,7.4,3.0,4.2,1.6,-1.6,-0.1,-1.0,4.4,-6.1,-4.8,0.3,2.8,-2.9,4.0,-1.0,7.1,2.4,3.2,-4.3,-2.4,2.0,-3.4,7.6,-5.7,2.8,-4.5,-4.2,-1.9,-3.7,1.2,-0.9,3.6,-0.1
2010-01-01,8.4,3.7,3.6,-2.0,4.9,-7.8,10.1,2.2,-2.7,2.4,1.8,4.8,1.5,4.3,5.6,-2.3,7.8,2.9,1.3,2.1,9.5,4.1,0.8,10.1,7.5,2.6,1.5,8.4,5.1,1.5,6.0,2.9,3.1,4.6,13.6,5.9,10.6,4.5,3.8,7.8,9.9,5.4,-1.2,2.3,2.4,2.0,1.9,4.1,0.7,8.3,3.5,5.1,2.1,-8.9,10.9,2.4,3.8,10.6,3.0,3.2,1.8,6.3,5.9,6.2,4.2,7.8,-5.5,-0.5,2.8,4.2,5.6,4.4,-5.7,3.7,6.8,1.1,-2.8,10.3,6.4,5.8,6.4,1.7,5.7,1.7,-1.4,4.1,2.3,7.3,8.1,-1.1,6.8,4.9,-2.4,-0.5,8.0,-4.5,8.0,5.1,6.4,5.0,1.7,3.8,25.1,0.6,6.9,7.5,7.3,5.4,5.5,6.8,2.6,4.4,5.1,2.3,7.1,7.3,2.7,3.8,6.5,5.2,6.0,-0.3,4.8,1.3,1.8,4.4,8.6,11.3,3.4,0.8,2.5,2.6,-1.7,5.8,10.1,11.1,8.3,7.3,2.9,1.7,-0.4,17.7,-3.9,4.5,7.3,0.0,0.5,-4.3,2.5,-5.8,5.0,3.4,0.7,6.3,5.3,14.5,6.7,1.3,8.6,1.3811164790782653,3.0,-9.262551371866559,0.2,8.0,3.9,5.2,6.0,3.2,3.4,6.7,10.2,6.5,6.4,7.5,9.3,6.1,0.8,3.5,3.5,16.2,-2.5,8.4,7.5,4.1,1.6,2.4,2.7,7.8,7.1,1.3,-1.5,6.4,5.8,7.7,10.3,19.7,5.9,8.3,2.3,0.1,5.2,8.0,8.7,3.3,2.5,5.2,4.5,3.0,7.7,6.7,9.0,7.4,6.7,2.2,3.8,7.6,3.2,9.6,4.4,7.4,2.1,2.1,6.1,2.9,5.0,6.0,6.9,5.4
2011-01-01,6.5,2.5,2.9,0.0,3.5,-2.0,6.0,4.7,3.4,2.8,2.9,-1.6,0.6,2.0,6.5,-0.7,5.3,1.7,-0.1,3.0,9.9,5.2,0.9,6.8,4.0,3.7,2.1,6.6,4.0,4.0,7.1,3.5,3.1,4.2,0.1,6.2,9.6,6.9,4.1,7.6,2.2,4.4,-0.1,0.4,1.8,-4.9,1.3,7.3,-0.2,3.1,7.9,1.8,3.8,6.5,25.7,7.3,2.2,11.4,2.7,2.5,2.2,7.1,-8.1,7.4,3.9,13.9,-10.1,0.8,4.4,5.6,8.1,5.4,5.1,3.8,4.8,1.9,1.8,6.6,6.2,2.6,7.5,0.8,5.6,0.7,1.4,0.0,2.7,7.5,5.1,1.8,3.7,6.3,9.6,6.0,8.0,2.6,0.9,5.1,7.7,-50.3,6.0,1.0,21.6,1.6,4.9,5.3,8.6,3.2,0.5,-0.6,4.2,4.1,3.7,3.2,5.8,17.3,3.2,5.2,7.4,5.5,5.1,9.3,3.4,1.5,1.8,6.3,2.4,4.9,2.3,1.1,2.9,3.6,4.1,11.3,1.1,4.3,6.3,3.9,5.0,-1.7,-0.4,11.3,4.5,5.1,8.0,1.6,4.8,-0.6,3.8,-8.5,11.0,1.3,2.0,5.7,6.3,6.2,2.7,0.9,7.3,4.688797321490673,3.2,-7.191882094104403,-0.8,8.7,-3.2,5.8,3.2,1.9,15.797306998739767,4.4,3.7,7.4,7.9,0.8,6.0,6.4,6.8,-0.2,-2.0,12.9,7.5,11.2,7.7,5.5,6.9,1.1,1.5,5.2,7.5,3.1,4.2,6.4,9.6,-12.7,5.6,14.2,2.7,6.4,2.6,2.0,5.1,9.4,6.7,4.5,2.4,6.7,-0.6,1.9,1.9,4.9,6.3,5.0,4.5,1.6,2.6,4.8,1.7,7.9,6.1,6.4,1.7,2.0,4.6,1.6,4.7,3.4,5.0,4.3
2012-01-01,14.0,1.4,3.4,-5.0,8.5,3.4,-1.0,7.1,-1.0,3.8,0.7,2.2,3.1,3.7,6.5,-0.4,1.6,0.7,3.9,4.8,6.5,5.1,-0.7,-0.2,1.9,0.9,0.8,6.5,4.4,1.1,7.3,4.5,1.8,5.1,8.8,6.2,7.8,3.9,3.2,8.7,9.9,4.9,-2.3,-3.4,-0.8,10.9,0.2,4.8,-1.1,2.7,5.6,2.2,2.8,8.3,1.9,3.2,5.4,8.7,1.4,-1.4,0.4,5.3,5.2,6.4,0.4,8.4,-7.1,-1.2,3.1,5.9,-1.7,5.0,0.5,4.1,1.7,-1.3,1.1,5.5,6.0,-3.7,13.9,0.0,2.6,-3.0,-0.5,1.4,2.4,5.0,4.6,5.1,2.4,1.7,6.6,-0.1,7.8,7.0,2.6,5.1,8.4,86.8,3.8,1.6,9.2,3.0,1.9,5.5,2.5,-0.8,4.1,-2.2,4.5,3.5,3.6,-1.9,-0.6,12.3,-2.7,3.0,7.3,6.5,5.1,30.6,4.7,-1.0,2.5,6.5,10.5,4.3,-0.5,2.7,8.9,3.8,1.9,9.8,4.7,-0.7,6.1,6.9,1.5,-4.1,0.0,4.7,1.9,4.0,8.6,-0.5,-0.4,1.1,-3.7,-7.2,5.4,4.0,-0.7,3.8,15.2,4.4,1.3,-2.6,1.4,1.2,2.4,-50.3,-3.0,8.6,-17.0,2.7,-0.6,1.2,0.1141353596208603,3.1,2.2,7.5,5.1,7.2,4.9,6.5,0.8,4.5,4.2,6.1,-2.9,4.8,2.3,0.2,4.8,1.4,2.3,3.5,7.1,1.0,5.6,5.5,6.1,2.4,7.6,16.7,6.2,5.6,3.6,2.2,4.5,5.1,5.8,2.5,0.4,3.8,9.9,2.4,3.4,2.7,5.4,6.1,3.9,-0.4,2.5,6.2,1.2,7.0,3.2,5.4,-0.9,-0.6,3.0,1.4,5.1,2.2,4.8,3.5
2013-01-01,5.7,1.0,2.8,-3.5,5.0,-0.6,2.4,3.4,6.4,2.2,0.0,5.8,-2.9,5.4,6.0,-1.4,1.0,0.5,4.5,7.2,3.6,6.8,2.4,11.1,3.0,-2.1,-0.6,5.8,4.9,0.8,7.4,5.0,2.3,-36.4,5.8,3.3,7.8,5.1,4.5,9.6,-0.7,2.5,-0.4,-6.6,0.0,9.3,0.9,5.0,-1.0,4.9,4.9,3.3,2.2,-4.1,-10.5,1.5,3.9,9.9,4.7,-0.9,0.7,5.5,2.9,3.6,0.4,7.2,-2.5,2.4,3.5,3.9,3.3,3.7,4.3,2.8,3.1,1.8,4.6,6.4,5.6,-1.5,7.6,1.1,4.4,-1.8,0.2,2.0,2.6,5.9,3.8,4.2,3.2,5.3,1.2,10.9,8.0,2.0,3.8,1.8,8.8,-18.0,3.6,3.2,10.8,2.3,5.2,4.7,7.3,2.3,5.5,3.9,4.2,3.4,1.4,-3.7,9.0,11.6,3.5,4.5,7.0,7.9,5.6,5.0,3.5,-0.1,2.3,4.9,5.3,5.4,2.9,1.0,5.2,3.7,-1.6,6.9,3.8,8.3,5.9,6.8,0.9,-0.9,-0.3,5.6,0.2,1.8,4.7,5.7,-2.2,2.5,0.1,-0.8,2.9,2.4,2.9,6.4,20.7,4.8,0.6,-1.0,5.2,5.7,2.5,27.3,-1.4,4.1,2.0,2.9,1.2,1.8,9.209266562698918,4.8,2.5,7.4,6.8,2.7,3.1,6.1,0.3,3.8,2.4,-0.3,3.8,8.5,3.9,0.0,5.1,1.8,1.8,4.6,7.3,0.5,1.3,5.6,4.7,4.8,5.1,2.0,3.7,5.8,2.2,2.5,4.2,7.4,6.0,1.3,0.5,2.9,1.8,1.8,3.9,3.3,6.0,5.1,4.8,0.2,2.2,5.0,1.4,6.9,2.9,5.0,-0.2,-0.1,2.9,1.4,3.0,2.5,4.9,3.4
2014-01-01,2.7,1.8,3.8,2.5,4.8,3.8,-2.5,3.6,0.0,2.6,0.7,2.8,1.8,4.4,6.1,-0.1,1.7,1.6,4.1,6.4,4.0,5.5,1.1,5.7,0.5,-2.5,1.0,4.3,4.2,0.6,7.1,5.8,2.9,0.1,6.9,1.8,7.4,4.5,2.1,7.3,6.7,3.5,-0.4,-1.8,2.3,8.8,1.6,7.1,4.8,7.1,3.8,3.3,1.7,0.4,30.9,3.0,0.9,10.3,5.6,-0.4,1.0,4.4,-1.4,4.4,2.2,2.9,0.5,7.3,4.4,3.7,1.0,1.7,1.7,3.1,2.8,4.2,1.7,7.4,5.0,5.0,0.7,8.6,3.9,0.0,0.6,0.3,3.4,4.3,5.0,-1.1,3.2,3.3,0.5,4.0,7.6,1.9,2.5,2.1,0.7,-23.0,3.5,2.6,-2.0,3.3,5.7,6.0,7.3,7.1,7.6,-1.0,4.3,3.8,2.8,-2.3,5.0,7.9,1.8,2.7,7.4,8.2,6.1,14.7,6.0,1.4,3.8,4.8,6.6,6.3,3.6,2.0,1.3,4.1,4.4,5.1,13.5,5.3,2.4,6.3,3.8,0.8,-1.2,5.3,4.1,0.7,6.2,7.6,1.3,1.1,0.7,-0.6,4.0,6.2,-1.6,4.7,4.6,3.9,2.7,2.8,1.2,2.7,1.4,1.6,1.4,6.4,4.7,0.3,2.7,2.3,8.777384292798335,6.5,4.7,6.7,6.7,1.0,4.5,5.9,2.0,3.3,3.1,3.8,1.7,4.9,5.7,-6.6,4.2,3.2,2.3,3.2,6.9,3.1,-3.9,6.4,-0.2,-0.2,4.7,2.4,3.8,5.6,2.7,2.0,4.8,4.8,5.5,1.2,1.6,3.7,1.7,2.4,10.5,0.5,6.9,4.8,4.9,1.7,2.0,4.5,2.0,6.9,1.9,4.7,1.4,1.7,1.4,1.9,3.4,3.0,5.0,3.5
2015-01-01,1.0,2.2,3.7,1.4,0.9,3.8,2.7,3.3,3.6,2.3,1.0,1.0,1.0,2.5,6.6,2.4,-3.8,2.0,3.4,1.8,6.2,4.9,4.3,-4.9,-3.5,-0.4,3.4,3.9,-3.9,1.0,7.0,5.6,0.7,4.3,1.8,2.2,7.0,3.0,1.1,6.4,-3.6,3.7,2.5,3.4,5.4,8.8,2.3,7.5,-2.7,6.9,0.1,4.4,2.4,-9.1,-20.6,1.9,2.2,10.4,4.5,0.5,1.1,3.9,4.1,3.0,1.5,2.1,-0.2,6.4,4.1,3.8,6.1,0.7,2.6,3.8,2.4,3.7,4.4,8.0,4.9,-1.4,2.5,24.4,2.5,0.8,0.9,1.6,2.5,1.0,5.0,9.9,2.8,5.9,0.6,3.9,7.3,3.9,0.5,3.2,0.0,-0.8,2.0,2.3,-21.5,3.1,3.0,5.0,2.9,6.2,9.6,1.6,5.4,3.7,3.3,4.6,-0.3,2.4,3.4,4.3,6.7,7.5,4.3,-5.7,4.0,2.0,3.7,4.8,4.4,2.7,3.9,1.9,5.0,4.1,9.6,5.7,6.6,3.0,3.3,6.3,4.4,1.8,-1.0,4.8,3.2,-2.0,8.9,0.7,-0.2,2.8,3.9,2.7,4.7,6.4,1.8,5.6,-20.5,3.0,5.2,2.2,1.7,4.6,1.3,-0.2,3.8,4.2,4.9,-3.4,4.5,1.6,2.180446733462335,3.8,1.5,6.0,6.2,3.1,2.8,5.7,1.2,-0.8,1.0,3.0,9.4,6.1,8.0,-9.8,6.8,2.4,2.7,0.4,7.2,0.4,-6.2,7.0,3.7,-28.0,2.9,1.8,3.4,5.6,2.5,0.7,4.9,4.9,5.3,-0.1,1.6,2.5,3.7,2.6,5.7,-1.1,7.3,4.9,3.3,2.2,1.8,4.6,2.3,6.8,1.0,4.4,2.0,2.5,0.4,2.1,3.0,2.3,3.2,3.4
2016-01-01,2.2,3.3,3.2,3.7,-2.6,5.5,-2.1,0.2,2.1,2.7,2.0,-3.1,-0.9,3.6,7.1,2.5,-2.5,1.3,0.1,3.3,7.4,4.3,3.2,7.2,-3.3,-2.5,3.0,6.0,-0.6,4.7,6.9,4.5,1.0,4.7,-5.6,1.8,6.9,2.1,3.3,0.4,-10.8,4.2,3.6,6.6,2.5,7.2,3.2,7.1,2.8,6.7,-1.2,4.5,2.5,-8.8,7.4,3.2,1.1,8.0,2.4,2.8,1.0,2.1,1.9,2.9,2.2,3.4,-0.5,3.7,2.7,10.8,5.3,3.8,1.8,3.9,2.2,2.2,6.3,8.3,5.0,8.8,15.2,2.0,4.5,1.3,1.5,0.8,2.0,0.9,4.2,-0.5,2.9,5.6,2.9,4.3,7.0,2.4,1.6,1.9,-1.6,-1.5,2.5,5.0,-0.7,4.0,2.3,4.4,6.3,5.9,3.4,1.4,1.3,3.9,2.6,0.9,4.4,1.5,2.9,0.5,3.8,6.4,0.0,8.0,0.4,2.2,3.9,4.6,5.7,-1.6,2.8,1.2,5.0,4.6,3.7,5.0,5.5,4.3,4.0,7.1,3.0,2.0,-1.3,3.1,2.9,0.2,6.0,3.9,3.8,4.1,8.0,2.3,2.4,6.4,3.3,5.4,6.4,3.6,1.9,3.2,5.6,4.7,0.7,-13.3,3.0,5.1,4.7,-4.9,2.1,2.1,3.393757580819482,4.2,2.2,6.9,6.9,3.4,3.4,5.6,6.6,-6.8,1.1,-1.0,4.7,3.3,0.2,2.4,5.6,2.2,1.7,1.7,5.9,4.7,-17.0,6.7,8.9,-9.4,3.8,0.5,2.2,5.4,2.9,-0.8,4.5,2.8,5.1,1.4,1.8,5.4,3.1,1.7,4.8,-2.4,7.6,5.1,1.6,1.9,0.9,4.8,1.8,6.8,1.8,4.4,1.9,2.0,-0.6,1.5,4.3,2.6,1.5,3.3
2017-01-01,2.6,3.8,1.4,0.3,-0.2,3.1,2.8,7.5,5.5,2.4,2.3,0.2,3.1,4.3,6.6,0.5,2.5,1.6,-1.7,5.7,6.3,4.2,3.2,4.1,1.3,1.3,2.8,6.2,0.5,3.7,7.0,3.5,3.0,4.5,-2.4,1.4,6.9,1.4,3.8,3.7,-4.4,4.2,3.4,5.7,5.2,6.1,2.8,5.5,-6.6,4.7,2.4,2.4,2.3,-5.7,-10.0,5.8,2.0,10.2,5.4,3.2,2.4,0.5,4.8,4.8,2.7,8.1,1.1,4.4,3.1,10.3,4.8,3.7,2.5,4.8,3.8,4.3,4.2,6.8,5.1,2.8,-3.4,9.0,4.3,1.7,0.7,1.7,2.5,3.9,3.8,-0.1,3.2,4.8,-4.7,4.7,6.9,3.3,0.9,-2.7,2.5,32.5,4.3,1.3,10.0,3.9,4.0,5.8,7.2,5.3,10.9,3.3,6.3,3.9,2.1,2.7,4.2,5.6,4.7,5.1,3.7,5.8,-1.0,-5.9,9.0,2.9,3.5,4.6,5.0,0.8,1.1,2.5,0.3,4.6,-3.4,5.6,3.5,4.8,2.5,6.9,5.1,3.5,-2.9,-1.5,8.2,1.8,4.0,0.9,3.4,1.5,1.4,0.3,-0.1,7.4,2.1,4.5,3.8,4.5,2.9,4.8,3.1,2.2,1.2,-5.8,3.0,6.5,0.8,1.6,2.6,1.4,4.8190657449466405,3.9,3.3,7.1,6.8,4.2,-3.1,4.3,3.3,-4.7,2.2,4.7,3.3,7.5,6.8,2.4,0.7,2.4,2.2,1.6,4.4,6.3,-15.7,6.9,1.4,-5.1,3.5,5.0,3.5,5.7,2.5,0.4,4.3,6.3,5.5,3.2,2.8,0.6,4.6,2.3,3.9,0.8,6.6,5.4,2.9,2.6,2.0,5.2,2.5,6.6,4.2,4.7,2.6,3.0,1.4,2.2,2.2,3.1,2.9,3.8
2018-01-01,1.2,4.0,1.2,1.6,-1.3,6.9,-2.6,5.2,5.3,2.8,2.4,1.5,1.8,2.1,7.3,-0.6,3.1,1.8,1.1,6.7,3.8,4.2,3.8,4.2,1.8,0.1,2.7,6.6,1.6,14.6,7.5,4.0,2.8,3.8,2.4,4.0,6.8,2.6,3.6,4.8,-4.8,2.6,2.8,5.6,3.2,3.8,2.0,4.8,3.5,7.0,1.3,5.3,2.4,-6.2,13.0,3.8,2.4,7.7,3.8,1.1,1.8,0.8,7.2,4.8,1.0,6.2,1.7,4.4,3.4,6.4,3.8,4.4,1.7,3.8,2.8,5.4,4.9,6.5,5.2,-1.8,4.7,8.5,4.1,0.9,1.8,0.6,1.9,4.1,5.7,5.3,2.9,3.4,2.4,3.5,6.3,4.0,-1.9,-1.3,1.2,7.9,4.0,1.2,6.5,3.2,4.4,4.8,8.1,4.7,6.2,3.1,4.8,4.0,2.2,0.2,4.1,7.7,5.1,3.1,3.4,6.4,1.1,7.2,7.6,2.4,3.5,-3.4,7.0,1.9,2.9,0.8,1.3,6.1,0.0,3.7,-0.3,3.2,4.0,6.3,5.9,2.8,-4.4,1.2,6.0,2.8,8.6,1.1,2.9,3.2,-0.6,1.5,2.8,6.2,4.5,3.2,3.5,3.6,4.0,4.5,2.7,3.7,1.5,-2.1,2.3,2.3,-2.3,4.9,2.0,2.9,-0.9155437763570733,3.0,2.8,7.6,7.0,4.2,-0.7,5.0,0.2,-0.9,2.6,0.9,1.4,3.0,5.5,3.5,1.3,1.7,2.9,0.5,5.9,2.9,-19.7,7.5,1.2,0.8,4.0,4.7,3.4,5.3,2.9,1.7,3.9,3.3,5.2,3.8,2.3,1.5,4.2,2.8,0.9,0.5,6.4,5.3,3.0,1.8,2.4,5.0,2.3,6.4,3.6,4.7,1.8,2.3,1.2,2.1,2.8,2.8,3.2,3.6
2019-01-01,3.9,2.1,1.0,2.0,-0.7,4.9,-2.0,7.6,0.6,1.9,1.5,2.5,1.9,2.2,7.9,-0.5,1.4,2.2,4.5,6.9,4.4,2.2,2.9,3.0,1.2,3.9,4.0,5.7,1.8,5.7,7.1,3.4,1.9,3.0,3.4,0.7,6.0,3.2,1.8,4.5,1.0,2.4,3.4,5.5,3.0,8.3,1.5,5.5,5.5,5.1,0.0,5.5,2.4,-5.5,3.8,3.7,2.7,9.0,-0.6,1.2,1.9,3.9,6.2,5.0,1.1,6.5,1.9,0.7,4.0,5.6,4.5,5.4,-1.7,2.7,-1.7,4.9,1.8,3.9,5.0,-3.1,5.8,5.4,4.2,0.5,1.0,-0.4,1.9,4.5,5.1,-2.1,2.2,4.8,-0.6,4.6,4.7,2.6,-6.9,-2.0,-2.5,-11.2,4.6,2.3,-2.5,4.4,5.4,4.4,6.9,4.8,7.0,6.8,5.4,2.9,-0.2,1.2,3.6,5.6,4.1,2.9,2.3,6.8,-0.8,9.1,6.7,2.0,3.1,-3.8,6.1,2.2,3.9,1.1,-1.1,3.1,0.4,3.0,4.5,-0.4,2.2,6.1,4.4,2.7,1.7,0.7,3.8,2.2,9.5,4.0,-0.7,0.7,4.5,2.1,0.8,4.6,4.3,3.1,5.3,1.3,2.5,3.5,1.7,2.7,0.3,0.9,2.0,-0.2,-2.5,1.1,2.0,1.2,2.5768932679193473,2.2,3.1,7.4,7.0,2.1,2.1,5.5,0.7,0.1,1.6,-3.4,13.8,0.8,7.8,3.2,1.1,1.6,2.3,0.4,6.0,3.2,-27.7,7.4,1.4,1.4,1.4,-6.1,3.0,4.1,2.1,0.7,3.3,1.9,4.4,3.0,2.0,0.4,2.9,2.0,3.0,-0.1,3.9,4.7,3.0,1.6,1.6,4.3,1.7,5.2,2.5,3.6,1.6,2.0,0.2,1.6,1.6,2.0,3.3,2.8
2020-01-01,-2.4,-3.5,-5.1,-11.2,-5.6,-20.2,-9.9,-7.2,-18.6,-1.8,-6.5,-4.2,-23.8,-4.6,3.4,-13.3,-0.7,-5.4,-13.4,3.8,-2.3,-8.7,-3.0,-8.7,-3.3,1.1,-4.0,1.9,0.3,-14.8,-3.1,0.5,-5.1,1.0,-2.1,-6.1,2.2,-7.3,-0.2,1.7,-6.2,-4.3,-8.6,-4.4,-5.5,1.7,-2.0,1.2,-16.6,-6.7,-7.8,3.5,-8.2,-4.2,-0.5,-0.6,-1.6,6.1,-17.0,-2.4,-7.9,-1.9,0.6,-6.8,-3.7,0.5,-9.0,-13.8,-1.8,4.9,1.5,43.5,-3.3,-9.0,-6.5,-4.5,-7.2,-5.8,-2.1,3.3,-15.7,6.2,-1.9,-9.0,-9.9,-4.3,-1.6,-2.6,-0.3,-1.4,-0.7,-5.3,-8.9,-8.6,-0.4,-2.2,-25.9,-3.9,-3.0,-29.5,0.0,-0.8,-54.2,-7.1,0.9,-5.5,-33.4,-1.2,-8.6,-1.6,-0.9,-14.6,-8.0,-1.8,-8.3,-4.6,-15.3,-7.2,-1.2,3.2,-8.0,4.1,-2.4,-3.9,-1.5,-1.8,3.5,-1.8,-4.7,-1.3,-3.2,-0.9,-7.5,-17.9,-3.2,-0.8,-11.0,-9.5,-2.0,-8.3,-4.4,-3.6,-3.7,-2.7,-3.4,-14.5,-24.4,-3.7,-3.1,-6.7,-4.3,1.3,-0.9,-7.7,-2.0,-3.9,-3.4,-4.3,-3.4,-0.3,-6.3,-6.5,-11.3,-3.5,-3.6,-15.9,-2.2,-2.5,-1.0256754871567404,3.0,3.4,4.4,4.8,-6.2,-8.3,1.8,0.5,-7.7,-8.8,-2.9,-4.3,1.9,-1.3,-3.8,-5.0,-11.0,-2.8,-6.1,2.0,-5.0,-30.0,2.9,-11.3,-8.5,-2.8,-7.8,-1.7,-0.8,-1.8,-4.8,-7.2,0.6,0.9,-3.0,-5.5,-3.6,-1.8,-3.4,-6.2,-6.3,-4.3,-3.1,-1.7,-6.6,-4.1,-4.4,-4.2,-0.5,-1.6,-1.8,-6.1,-5.6,-6.8,-4.5,-2.7,-1.6,-1.7,-2.8
2021-01-01,4.316666666666666,8.5,3.4,8.9,1.1,5.3,10.4,5.7,17.2,5.2,4.6,5.6,13.7,2.7,6.9,-0.2,2.3,6.1,15.2,7.2,-3.3,6.1,7.4,11.8,5.0,-1.6,7.6,6.9,3.1,7.0,3.0,3.6,5.0,1.0,-1.1,11.7,8.4,11.0,2.1,6.2,1.5,7.8,13.1,6.6,3.6,7.0,4.9,4.8,4.8,12.3,4.2,3.3,10.3,-3.2,2.9,8.0,7.9,6.3,-5.1,3.0,6.8,1.5,4.3,10.5,2.6,5.4,8.4,4.7,8.0,4.3,6.4,20.1,-1.8,12.5,6.4,7.1,4.3,9.1,3.7,4.7,7.7,13.6,8.6,7.0,4.6,2.1,2.2,4.1,7.5,7.9,4.1,10.7,1.3,3.7,2.1,4.1,-6.8908000000000005,2.1,5.0,28.3,6.0,5.1,19.3,5.7,4.6,3.1,41.7,3.1,11.8,1.7,2.4,3.5,4.7,-3.2,13.9,1.6,13.0,7.9,2.3,-17.9,2.7,2.7,4.2,4.9,6.1,10.3,1.4,3.6,3.9,3.9,2.9,5.7,-12.1,15.3,0.1,4.0,13.6,5.7,6.8,5.5,0.2,1.6,5.9,5.6,10.9,-0.9,12.2,0.8,-7.1,8.3,3.9,6.1,7.5,7.9,4.1,8.9,3.0,8.2,-0.6,2.9,4.9,5.3,5.5,3.3,0.5,-2.7,5.4,4.2,10.576330501163866,1.9,6.5,9.4,4.9,1.6,2.9,5.3,-2.7,-1.0,4.4,4.6,1.8,11.4,6.0,3.4,3.9,7.6,5.9,4.4,7.4,0.6,0.5,2.6,7.0,-1.0,4.6,8.5,4.9,6.9,5.3,4.5,11.0,9.6,7.1,5.8,5.7,4.3,5.4,5.7,-1.2,7.5,8.4,3.2,4.6,5.7,6.2,4.0,5.4,7.5,7.3,6.9,5.4,5.6,7.0,5.3,4.6,5.4,4.8,6.3
2022-01-01,3.5500000000000003,3.7,2.9,8.7,2.8,6.4,5.2,12.6,5.7,3.7,5.0,4.6,11.0,4.2,7.1,10.0,-4.7,3.1,11.4,6.0,4.3,3.2,3.8,6.4,2.9,-1.5,3.4,2.5,1.8,10.5,5.0,3.4,3.4,0.4,2.5,2.4,3.0,7.5,2.4,6.6,2.8,4.3,6.3,5.6,2.4,6.7,3.6,2.5,6.0,4.9,3.0,6.6,2.8,1.6,2.6,-1.3,0.5,6.4,14.5,2.1,2.6,2.8,4.4,10.1,1.8,3.2,5.9,6.0,4.0,4.3,3.5,62.3,-1.7,4.0,-3.5,4.9,6.4,6.8,5.3,2.5,8.1,12.0,6.4,3.7,4.0,1.1,2.7,3.2,5.4,1.2,2.6,2.7,8.2,7.0,2.3,2.0,-7.373156000000001,2.1,4.8,-12.8,1.9,1.5,-26.8,4.2,0.8,8.7,12.3,3.7,6.9,1.3,5.0,8.3,3.1,-0.6,-5.6,4.8,6.4,1.1,4.1,2.0,3.8,3.0,5.8,4.5,2.4,4.0,11.1,3.3,2.2,3.3,4.3,6.0,-2.9,10.0,4.5,0.2,2.7,7.6,4.9,6.7,4.8,4.2,4.8,-2.1,6.8,9.0,14.9,5.3,-6.0,4.6,8.7,4.7,2.3,8.8,2.8,3.6,1.7,5.4,-4.1,1.7,2.0,6.6,5.5,-8.7,-2.5,1.3,2.6,2.1,2.731754401862004,0.9,2.5,8.0,4.7,2.6,3.3,5.4,-2.0,2.5,2.5,1.8,0.7,5.6,4.9,-30.3,7.4,4.0,2.1,4.9,5.7,1.9,8.0,8.0,4.0,1.5,3.4,3.0,3.8,4.0,3.5,13.4,5.3,5.3,2.6,-0.6,2.4,6.2,4.1,2.3,6.2,3.9,6.4,5.7,3.6,3.6,2.7,5.5,2.7,4.4,0.8,4.0,3.5,3.7,4.0,2.3,5.3,2.6,3.9,3.4
2023-01-01,3.0,2.2,2.6,1.3,3.5,5.5,0.2,5.5,1.6,1.6,0.4,3.0,4.3,3.0,5.5,4.9,0.7,0.7,3.0,6.0,4.7,1.8,2.0,3.7,0.9,3.3,1.4,4.9,3.3,4.4,5.8,4.3,1.5,2.5,3.5,-1.0,5.2,1.0,3.0,6.3,4.1,2.7,1.7,2.5,-0.5,6.2,0.0,4.0,4.9,4.2,2.9,3.7,2.4,-1.8,2.8,-1.2,2.8,6.1,7.0,0.0,0.7,3.0,5.6,4.0,-0.1,1.6,2.6,3.7,3.4,5.6,4.5,37.2,0.3,3.7,3.5,0.5,2.3,5.9,5.0,2.0,3.7,5.6,2.9,0.7,2.2,1.3,2.7,4.3,5.3,2.5,1.5,3.5,0.9,3.5,4.0,0.4,-7.889276920000001,2.2,4.3,17.5,-0.3,1.1,58.9,4.2,2.4,4.5,7.2,5.0,3.5,3.0,4.4,4.6,1.8,2.8,2.0,4.5,3.2,3.0,5.0,2.6,2.8,1.0,4.4,1.0,1.1,3.0,6.1,3.2,1.4,2.1,1.7,0.5,8.7,5.0,3.7,4.5,2.4,6.0,0.3,1.0,0.4,2.4,2.4,0.7,6.2,4.5,3.0,6.0,5.0,1.2,3.1,8.3,2.0,3.9,3.1,1.5,1.3,1.6,2.5,2.8,0.1,5.6,1.5,-3.0,1.2,2.3,-0.5,0.8,3.559085835847511,2.0,2.1,5.0,5.2,3.4,2.2,5.5,2.5,3.2,1.3,2.3,4.3,2.7,5.7,-3.0,3.5,-0.3,1.6,2.0,5.3,3.5,5.0,5.8,3.5,-0.5,4.0,2.5,3.7,4.4,1.5,9.9,3.8,3.1,4.3,0.6,0.6,2.7,4.0,1.6,4.4,1.0,5.2,4.6,3.5,0.6,1.6,4.5,1.3,5.3,1.2,3.9,0.8,0.7,1.6,1.1,2.9,1.8,3.6,2.8
2024-01-01,4.383333333333333,3.3,2.6,1.5,3.7,5.4,2.0,5.0,1.2,1.7,1.1,2.6,1.8,3.8,6.5,3.9,1.2,1.1,2.0,5.9,3.4,1.9,3.0,4.3,1.5,3.5,3.5,5.9,6.0,5.4,6.2,4.4,1.5,3.8,3.7,1.9,4.5,1.9,3.6,6.5,4.6,3.2,2.3,2.8,2.0,6.6,1.0,6.0,4.7,5.0,2.8,5.0,1.9,-8.2,2.9,3.2,2.5,6.4,5.0,1.3,1.3,3.1,6.3,5.0,1.1,2.9,1.5,4.1,3.5,5.7,5.0,45.3,1.2,3.5,3.1,3.2,2.1,6.3,5.1,2.0,3.1,4.0,3.1,0.8,2.0,1.0,2.7,4.9,5.4,2.4,2.4,3.9,2.7,3.8,4.0,2.9,-8.441526304400002,2.3,5.5,8.4,2.7,1.7,20.6,4.8,3.2,4.5,5.7,5.1,3.5,2.0,5.1,4.1,1.6,2.8,4.3,5.5,3.0,3.1,8.2,2.6,2.6,2.0,5.1,1.2,0.8,3.3,13.0,3.0,3.6,2.5,5.2,3.5,9.6,4.0,4.4,3.5,3.0,5.8,2.4,1.7,-1.6,1.8,3.7,1.3,7.5,3.8,2.2,5.0,3.6,1.0,3.1,10.6,3.0,3.9,4.8,2.1,2.7,2.1,2.4,3.7,1.8,4.6,2.0,1.5,2.7,3.0,1.0,1.8,18.344260443811123,2.5,2.6,4.5,6.2,3.6,3.1,5.5,2.8,2.3,1.9,2.1,3.1,3.6,5.7,-3.0,3.9,1.0,1.1,2.9,5.5,3.6,4.5,6.9,2.7,2.0,4.1,2.6,4.2,4.4,1.6,14.1,3.8,3.9,3.8,2.1,1.5,3.0,4.3,1.1,4.4,1.9,6.0,4.9,4.1,1.3,1.4,4.6,1.4,5.1,2.5,4.2,1.4,1.6,2.2,1.1,3.5,2.2,4.2,3.0
2025-01-01,5.1499999999999995,3.4,2.2,1.5,4.0,4.1,2.0,4.5,1.2,2.1,1.8,2.5,1.6,3.2,7.1,2.8,1.0,1.2,2.0,6.1,5.4,2.1,3.0,4.0,1.9,3.1,2.9,5.8,5.9,5.3,6.4,4.5,2.2,3.8,3.4,2.2,4.1,2.9,4.1,6.8,3.5,3.2,2.7,3.0,3.4,6.4,1.4,5.5,4.3,5.0,2.8,5.5,2.0,-8.6,2.9,3.6,2.6,6.5,4.8,1.3,1.9,3.0,5.8,5.2,2.0,4.8,1.4,3.6,3.6,5.7,5.0,3.4,1.5,3.7,2.9,3.3,2.3,6.2,5.0,2.0,2.6,3.6,3.4,1.2,1.7,0.6,3.0,3.4,5.5,2.3,2.3,3.9,2.6,4.0,4.1,3.4,-9.032433145708003,2.6,5.7,7.8,2.6,2.5,8.6,4.7,3.8,4.4,6.5,5.3,3.5,1.8,6.5,3.6,1.9,1.3,5.0,6.0,3.0,3.1,5.1,2.5,2.6,2.5,5.2,1.5,2.4,3.5,6.7,3.0,3.9,1.8,2.3,4.4,4.9,4.0,3.1,3.5,3.0,6.1,3.7,2.1,-1.0,3.3,3.8,1.0,7.5,3.0,2.0,3.9,3.4,1.3,3.0,4.8,4.5,3.8,5.2,2.5,2.9,2.8,3.0,3.9,1.6,4.6,2.0,2.6,3.0,3.0,2.6,1.2,1.4614726198696646,3.3,2.2,4.0,6.4,3.3,3.1,5.5,2.6,2.7,2.3,2.6,2.6,3.0,7.5,-3.0,4.0,2.2,1.8,2.6,5.5,3.9,-0.7088888888888889,6.8,2.4,7.0,4.6,2.7,4.3,4.1,2.1,2.5,3.9,3.3,3.4,2.4,2.0,2.9,4.6,1.8,3.5,2.2,6.1,4.8,4.1,1.9,1.9,4.6,1.8,4.8,2.5,4.0,1.9,2.2,2.3,1.7,3.6,2.3,4.1,3.2
2026-01-01,5.6000000000000005,3.4,2.1,1.5,4.1,2.7,2.0,4.5,1.1,2.2,1.7,2.5,1.6,2.7,7.3,2.3,0.7,1.2,2.0,6.0,7.2,2.2,3.0,4.0,2.0,2.4,2.8,5.3,5.7,5.0,6.5,4.6,1.9,3.8,3.8,2.2,4.0,3.3,4.3,7.0,4.0,3.3,2.9,3.1,2.8,6.3,1.5,5.0,2.7,5.0,2.8,5.8,2.1,-1.6,2.9,3.3,2.5,6.7,4.1,1.3,1.8,3.3,5.0,5.2,1.8,5.0,1.4,3.2,3.7,5.5,5.0,36.6,1.5,3.9,2.8,3.4,2.3,6.1,5.0,2.0,2.4,3.0,3.4,1.1,1.6,0.5,3.0,1.7,5.5,2.1,2.3,3.6,2.7,4.0,4.2,3.4,-9.664703465907564,1.5,5.8,5.0,2.4,2.4,4.3,4.7,4.3,4.4,5.9,5.1,3.6,1.5,4.0,3.4,1.8,0.8,5.1,5.5,3.0,3.2,5.0,2.6,2.6,2.3,5.2,1.6,2.4,3.5,6.2,3.0,3.8,1.5,2.5,4.8,3.5,4.0,3.1,3.5,3.0,6.2,3.4,1.9,-0.5,2.9,3.7,0.8,6.8,2.7,1.7,2.8,3.0,1.3,3.0,5.1,4.0,3.8,4.6,2.5,2.8,2.9,3.0,4.0,1.4,4.4,1.7,3.0,3.0,3.0,2.3,1.8,0.05265508238094174,3.6,2.6,4.0,6.8,3.1,3.0,5.5,1.8,2.0,2.6,2.3,2.4,3.0,6.9,-3.0,4.2,2.0,2.1,2.4,5.5,3.1,-0.7088888888888889,6.7,2.0,6.5,4.7,2.8,4.3,4.1,2.2,13.8,4.0,3.1,3.3,2.2,1.9,2.9,4.6,2.0,3.3,2.3,6.0,4.8,4.1,1.7,2.2,4.6,1.9,4.7,2.4,4.0,1.7,2.0,2.6,1.8,3.6,2.3,4.2,3.2
2027-01-01,5.116666666666666,3.4,1.7,1.5,4.2,2.7,2.0,4.5,1.1,2.3,1.7,2.6,1.5,2.7,7.4,2.0,0.6,1.2,2.0,6.0,4.0,2.3,3.0,4.0,2.0,3.2,2.8,5.2,5.9,4.5,6.2,4.7,1.7,3.7,3.7,2.4,3.6,3.3,4.3,6.7,4.1,3.2,2.8,2.9,2.5,6.1,1.5,5.0,2.7,5.0,2.8,5.9,2.1,-1.1,2.9,3.3,2.4,6.8,3.7,1.3,1.6,3.5,5.0,5.2,1.2,5.0,1.3,2.8,3.8,5.4,5.0,3.3,1.5,3.9,2.7,3.5,2.3,6.0,5.0,2.0,2.2,3.0,3.6,1.0,1.6,0.4,3.0,2.7,5.5,2.1,2.2,3.5,2.7,4.0,4.3,3.4,-10.341232708521094,1.3,5.8,4.8,2.2,2.3,3.4,4.6,4.5,3.9,5.5,5.0,3.5,1.5,5.1,3.3,1.8,0.6,5.1,5.0,3.0,3.4,15.5,2.9,2.6,2.2,5.2,1.5,2.5,3.5,6.0,3.0,3.8,1.3,2.6,5.0,3.2,4.0,3.0,3.5,3.0,6.3,3.1,1.9,-0.5,3.7,3.6,0.8,6.2,2.7,1.5,2.7,2.6,1.3,3.0,5.0,4.0,3.7,4.5,2.5,2.7,3.0,3.0,4.1,1.4,4.4,1.7,3.1,3.0,3.0,2.3,1.2,5.067169612133759,3.6,2.4,4.0,7.0,3.0,3.0,5.5,1.8,1.6,2.6,2.3,2.2,3.0,6.8,-3.0,4.3,1.8,2.1,2.2,5.5,3.0,-0.7088888888888889,6.7,2.0,6.0,5.0,2.9,4.4,3.9,2.3,2.3,4.0,3.2,3.1,2.1,1.7,3.0,4.6,2.0,3.2,2.3,5.9,4.8,4.3,1.5,2.2,4.5,1.8,4.5,2.3,3.9,1.5,1.8,2.3,1.7,3.7,2.2,4.3,3.1
2028-01-01,5.033333333333333,3.4,1.8,1.5,4.2,2.7,2.0,4.5,1.1,2.3,1.5,2.6,1.5,2.7,7.0,2.0,0.7,1.3,2.0,5.9,3.9,2.3,3.0,4.0,2.0,3.1,2.8,5.2,5.5,4.5,6.3,4.7,1.7,3.3,3.7,2.5,3.4,3.3,4.2,6.5,4.0,3.2,2.8,2.9,2.5,6.0,1.5,5.0,2.7,5.0,2.8,6.0,2.1,-0.3,2.9,3.2,2.4,7.0,3.5,1.2,1.4,3.5,5.0,5.2,1.1,5.0,1.2,2.8,3.9,5.0,4.5,3.3,1.5,3.9,2.7,3.5,2.3,6.0,5.0,2.0,2.2,3.0,3.6,0.9,1.6,0.4,3.0,2.8,5.5,2.1,2.2,3.5,2.7,4.0,4.5,3.4,-11.06511899811757,1.1,5.4,4.7,2.0,2.3,3.4,4.5,4.6,3.9,5.1,5.0,3.6,1.5,4.0,3.3,1.8,0.6,5.1,5.0,3.0,3.4,14.5,3.4,2.6,2.2,5.2,1.6,2.5,3.5,6.0,3.0,3.5,1.4,2.6,5.0,3.2,4.0,3.1,3.5,3.0,6.4,3.1,1.9,-0.5,3.6,3.5,0.7,7.3,2.7,1.5,2.7,2.3,1.3,3.0,6.5,4.0,3.6,4.6,2.5,2.7,3.0,3.0,4.3,1.4,4.4,1.6,3.1,3.0,3.0,2.3,1.8,4.20238574883643,3.7,2.4,4.0,7.0,3.1,3.0,5.5,1.8,1.5,2.6,2.3,2.2,3.0,6.3,-3.0,4.3,1.5,2.1,2.2,5.5,2.5,-0.7088888888888889,6.7,2.0,5.5,5.1,2.9,4.5,3.9,2.3,2.3,4.0,3.2,2.9,2.1,1.6,3.0,4.7,2.1,3.2,2.3,6.0,4.8,4.3,1.4,2.2,4.6,1.8,4.4,2.3,3.9,1.4,1.7,2.3,1.6,3.7,2.3,4.4,3.0
