country,horizon,mse,rmse,MAE,mape,mdape,smape,coverage
ASEAN-5,1077 days 01:33:54.782608688,23.962233894736436,4.3629620907963105,3.0534873868879444,0.5050711757732378,0.30387967655261827,0.5698176889695098,0.7101449275362319
Advanced economies,1077 days 01:33:54.782608688,5.2509212908302905,2.2009456507282317,1.5633740346818992,0.8284895113414436,0.37606837851382185,0.5135944007723435,0.6438923395445135
Afghanistan,1077 days 01:33:54.782608688,22.921298882826097,4.612654167869436,3.5389389983566564,1.166036501671444,0.4545413598686643,0.5958406478392821,0.42028985507246375
Africa (Region),1077 days 01:33:54.782608688,7.9856407999943135,2.712951678362966,2.309659102649118,2.211578615692317,0.4914844821994175,0.6645742402208014,0.4927536231884058
Albania,1077 days 01:33:54.782608688,71.99143662320296,8.108371636429544,6.244776328643005,1.3247962062280798,1.1164327118449966,1.125819536873196,0.6418219461697723
Algeria,1077 days 01:33:54.782608688,37.31069255429444,5.679154173836078,3.92645548311098,3.5051687605893638,0.9500177580526163,1.0225145744672446,0.6790890269151139
Andorra,1077 days 01:33:54.782608688,22.982352737495756,4.615776588678258,3.4620195908143203,,0.7596664135147744,0.9849982570421247,0.45548654244306414
Angola,1077 days 01:33:54.782608688,57.48530638905379,7.384619876854567,6.4911077218179285,,1.4692395061488455,0.981062380917826,0.2960662525879917
Antigua and Barbuda,1077 days 01:33:54.782608688,50.54238356617489,6.867766637122415,5.6416906047602815,,0.8986052709571647,1.2787661126555585,0.5445134575569358
Argentina,1077 days 01:33:54.782608688,56.487780334139444,7.387416170814616,6.28748854854478,2.0083583290214557,1.1111572011143898,1.2840258115913217,0.4886128364389234
Armenia,1077 days 01:33:54.782608688,128.08264966337356,11.105050457809341,7.993430975408125,2.6574024662169116,1.00688065792507,0.9704721125686375,0.5445134575569358
Aruba,1077 days 01:33:54.782608688,90.79580692484231,9.298373966074406,7.489863802179228,,1.2615391838280476,1.297023499562739,0.6687370600414078
Asia and Pacific,1077 days 01:33:54.782608688,4.74463893046667,2.0278841599380004,1.5931632367782442,0.5734033778707773,0.21799264555980524,0.2982083355330375,0.5196687370600414
Australia,1077 days 01:33:54.782608688,11.396471503558075,3.045312342300953,2.026116057442172,0.7545024999042204,0.3653221490137494,0.5308352728748991,0.8219461697722568
Australia and New Zealand,1077 days 01:33:54.782608688,9.585792362698438,2.8324523381241122,1.9025679128621609,0.7491953396509381,0.33213608086389024,0.5309431142442594,0.7929606625258799
Austria,1077 days 01:33:54.782608688,5.901289057822947,2.260184286678195,1.6495780235628386,,0.6034604185087503,0.6545139412197598,0.6273291925465838
Azerbaijan,1077 days 01:33:54.782608688,311.22689482313694,17.365286213582472,13.400767487034718,5.0566568800196,1.6452352934923875,1.1491819077130379,0.39544513457556935
Bahrain,1077 days 01:33:54.782608688,17.699836431492933,3.9740282509923577,3.153755502728152,1.2362624943099962,0.6328832339845225,0.8031486233759862,0.577639751552795
Bangladesh,1077 days 01:33:54.782608688,1.7237549872083693,1.2212692283394149,0.9079723667083271,0.19868772244959015,0.12495502297918715,0.2106153034903641,0.7556935817805382
Barbados,1077 days 01:33:54.782608688,26.125828190009607,4.91555826295555,3.7546084696349578,1.8870750030298202,1.4191373019921234,1.476105922254867,0.6169772256728778
Belarus,1077 days 01:33:54.782608688,73.8776392918505,8.373641006409734,7.117872132681575,2.7651958082127726,1.3681227655600583,1.386590388703873,0.45962732919254656
Belgium,1077 days 01:33:54.782608688,6.857327636432739,2.4983568050796925,1.8522372733740589,1.0582513044595958,0.6810179259005709,0.7711024863070359,0.5942028985507246
Belize,1077 days 01:33:54.782608688,79.24472254683576,8.684448398441425,6.5733105116338635,7.754064314716303,0.9556659298394959,0.9954714718102388,0.6356107660455486
Benin,1077 days 01:33:54.782608688,23.38685278767814,4.256277740133993,2.958983578674774,0.9582939614197633,0.5401689913767668,0.6495153070361386,0.7971014492753623
Bhutan,1077 days 01:33:54.782608688,39.92271025588454,6.0560792572830975,4.628027555494716,0.9636787645501947,0.4551337230810754,0.6345755366393746,0.629399585921325
Bolivia,1077 days 01:33:54.782608688,25.769523534425918,4.726809814328113,3.4932536780580046,1.9319119245057879,0.5951812601019933,0.7378929271419659,0.5838509316770186
Bosnia and Herzegovina,1077 days 01:33:54.782608688,217.16710079557342,13.820845920626041,10.732952905695356,2.695650005628573,1.318268601754128,1.141389348084823,0.8240165631469979
Botswana,1077 days 01:33:54.782608688,55.76560789595605,7.298124850832704,6.21013197013177,4.075223288550647,0.9334177552916189,1.3177357649556118,0.6273291925465838
Brazil,1077 days 01:33:54.782608688,32.80781053141055,5.3446451188081125,3.8599611542657812,3.4226895523833036,1.1343749429707046,1.0712476280790466,0.7681159420289855
Brunei Darussalam,1077 days 01:33:54.782608688,10.771461280422857,3.1687895984203305,2.5753752918112407,2.3432642245196154,1.4307418862522767,1.1721098320906598,0.5383022774327122
Bulgaria,1077 days 01:33:54.782608688,71.6455587899015,8.214254110036157,6.301042086255017,1.4717133730740373,1.103149972007712,1.2759587155024181,0.47619047619047616
Burkina Faso,1077 days 01:33:54.782608688,22.193604400514637,4.462594122382248,3.23785460881387,2.615799542939751,0.48679970256779864,0.6496091718356967,0.7287784679089027
Burundi,1077 days 01:33:54.782608688,40.186189105552224,5.94014766505382,4.682882033820721,2.2000721070174847,1.3339714028216185,1.313238702437391,0.6894409937888198
Cabo Verde,1077 days 01:33:54.782608688,28.516381361922118,5.014331235124774,3.983969007919372,1.6435756711580265,0.5462812933558746,0.74078040976836,0.4968944099378882
Cambodia,1077 days 01:33:54.782608688,22.8149231126199,4.538192931943834,3.5074649377153992,3.3610021980861173,0.33982093718227036,0.5678851072107669,0.6376811594202898
Cameroon,1077 days 01:33:54.782608688,59.46201988750682,7.551305725218871,5.724471503622755,1.572157817956223,1.0957983678966272,1.2724419978294967,0.5755693581780539
Canada,1077 days 01:33:54.782608688,10.08335999124133,3.1182358660407172,2.364253539498856,1.8153984989468768,0.6418117270255097,0.7890639320979657,0.6687370600414078
Caribbean,1077 days 01:33:54.782608688,17.644147925643097,4.028814224400486,3.1029490907053305,,1.3686327888250402,1.1735171198229715,0.45548654244306414
Central African Republic,1077 days 01:33:54.782608688,92.69932520781941,8.1907435796063,5.726106418619804,,1.1167777491115434,1.4483335952604874,0.8198757763975155
Central America,1077 days 01:33:54.782608688,11.734867351883251,3.1638208971424095,2.410961410606124,2.95275693604231,0.42426194673077144,0.6658467795090136,0.5817805383022774
Central Asia and the Caucasus,1077 days 01:33:54.782608688,32.693963235876794,5.484163934431561,4.391687108745619,2.0929967267865357,0.8053627628924496,0.8004198355804467,0.6935817805383022
Chad,1077 days 01:33:54.782608688,217.7511287090348,13.945065790276603,10.412541354849758,6.268294506822541,2.8844971537892996,1.1843000772756274,0.4782608695652174
Chile,1077 days 01:33:54.782608688,88.5877140349878,8.536026261053438,5.735198826802561,2.5565299281150713,1.1221201798067237,0.8525295403171889,0.7370600414078674
China,1077 days 01:33:54.782608688,26.219054400617665,4.824695708800453,3.7139675359005584,0.598715057310938,0.3423096728869181,0.3662076821249286,0.5755693581780539
Colombia,1077 days 01:33:54.782608688,14.290785309599396,3.6204358304330646,2.732840110790405,0.9083909326650313,0.542259788028914,0.7024837915939653,0.515527950310559
Comoros,1077 days 01:33:54.782608688,11.861072739639948,3.3719550628254042,2.7530425355080212,,0.8200432593054842,1.223002619699706,0.6252587991718426
Costa Rica,1077 days 01:33:54.782608688,16.965571069635978,3.992729687549856,3.338381142376506,1.1367296338316792,0.668895361946154,0.6475505602376289,0.7122153209109731
Croatia,1077 days 01:33:54.782608688,36.998958107461725,5.978358191554288,4.600052566789756,2.7501223171801374,1.0422702838204767,1.3042524512054092,0.4906832298136646
Cyprus,1077 days 01:33:54.782608688,14.592529538117242,3.7177962373051323,2.9162800202070436,1.3400198854805736,0.5151927332345254,0.821322773442122,0.5300207039337473
Czech Republic,1077 days 01:33:54.782608688,9.796223304706437,3.0373123659695738,2.3046184903247604,,0.5443618746487308,0.890194657119664,0.37060041407867494
Côte d'Ivoire,1077 days 01:33:54.782608688,27.245473322079093,5.020396550259743,3.96795650796143,,1.0656914283424783,1.2784023755438716,0.5445134575569358
Dem. Rep. of the Congo,1077 days 01:33:54.782608688,63.79816488246802,7.8132604798416585,6.412734949211413,1.9851595961341595,1.2220751380808277,1.2758336966019763,0.45548654244306414
Denmark,1077 days 01:33:54.782608688,11.226672086298157,3.1788277737410433,2.365679340209161,,1.1998692446802517,0.9393049771810842,0.639751552795031
Djibouti,1077 days 01:33:54.782608688,23.44932425041071,4.657162517681941,3.8969262532626616,2.3645232627642514,1.012987539872477,1.1558566737080667,0.5341614906832298
Dominica,1077 days 01:33:54.782608688,51.58597388102445,6.688223953421845,5.020182639760874,,1.4039601659142358,1.6352668046141716,0.5300207039337473
Dominican Republic,1077 days 01:33:54.782608688,26.18177315355372,4.868471802959884,3.8881315788387596,1.0066186167013287,0.697074319052348,0.8516258767035927,0.6687370600414078
East Asia,1077 days 01:33:54.782608688,5.982523261185599,2.3605581815647896,1.8548770297152615,0.509788989817521,0.21981749158455696,0.3099362786602351,0.5486542443064182
Eastern Europe ,1077 days 01:33:54.782608688,60.69511119820752,7.615126268837235,6.46377820668369,4.997209748494122,1.7443177899198123,1.3579734168095203,0.43685300207039335
Ecuador,1077 days 01:33:54.782608688,31.82488374094005,5.071074584999934,3.60716624348371,,0.7400240871351222,0.8909522378705743,0.7308488612836439
Egypt,1077 days 01:33:54.782608688,22.26926687976216,4.470349585811046,3.167979004903075,1.2373549366784384,0.4565203965766909,0.6049680928524669,0.5341614906832298
El Salvador,1077 days 01:33:54.782608688,30.82506488216348,5.335304568971734,4.53175125824708,3.0498632697109223,1.7608403764444247,0.940560224067393,0.4409937888198758
Emerging and Developing Asia,1077 days 01:33:54.782608688,6.545402418466826,2.3524735443012794,1.8804269946552743,0.7881431936282688,0.20941685591454867,0.2737955086733525,0.49482401656314695
Emerging and Developing Europe,1077 days 01:33:54.782608688,44.130125530500685,6.50041125038889,5.559967903596508,4.664934115879943,1.7979815049269996,1.3037194784590256,0.37267080745341613
Emerging market and developing economies,1077 days 01:33:54.782608688,6.703575083100347,2.4542127510629492,2.0099648455081107,0.557917121598529,0.38039310774206897,0.47044998628665197,0.432712215320911
Equatorial Guinea,1077 days 01:33:54.782608688,1713.0015633894811,39.39331480538233,31.538620343383997,6.170509742878607,3.0106087198301896,1.4053151035117075,0.4658385093167701
Eritrea,1077 days 01:33:54.782608688,151.17440664210108,12.084606961490392,9.345108443078807,2.477777915578943,1.2214201925503658,1.5666714492002398,0.5962732919254657
Estonia,1077 days 01:33:54.782608688,35.037488899495294,5.481177386580996,3.4746664763881623,1.0329728861114988,0.5418055528273086,0.7192370657369099,0.6749482401656315
Eswatini,1077 days 01:33:54.782608688,40.312208493704524,6.072788124900659,4.414436473280421,1.5069834863262337,1.0137348468791008,0.8327011935865866,0.6915113871635611
Ethiopia,1077 days 01:33:54.782608688,59.15946207964495,7.54878188900029,5.7202989847884815,1.923322932239383,0.5863140619307459,0.8542212581685787,0.7846790890269151
Euro area,1077 days 01:33:54.782608688,9.693588158516985,2.981947439213715,2.2117908185331863,1.685207269511143,0.8382477371429935,1.1140881609026805,0.7349896480331263
Europe,1077 days 01:33:54.782608688,8.627630423923955,2.7765590714327555,1.9974341491852776,1.325307609695521,0.48271297297312954,0.7744170769783365,0.5693581780538303
European Union,1077 days 01:33:54.782608688,5.735304826216232,2.252809327612642,1.616592186102696,1.325201667874958,0.5393942676118293,0.655191422784108,0.5507246376811594
Fed. States of Micronesia,1077 days 01:33:54.782608688,12.702189463251267,3.4726036065124553,2.7964707833049753,1.5404970051028426,1.087037219255025,1.4084140227617798,0.6956521739130435
Fiji,1077 days 01:33:54.782608688,47.939021997107936,6.517848897441001,4.7782403303506955,1.538449517523076,0.940377599097318,1.125687203965104,0.7929606625258799
Finland,1077 days 01:33:54.782608688,16.6494946580929,3.9438054493074217,2.976371144689577,,0.8943350532624876,1.110347761252182,0.5859213250517599
France,1077 days 01:33:54.782608688,6.151987248910797,2.224847823283451,1.6344985927803042,1.1510500228235032,0.5111604173127832,0.6657592140713822,0.556935817805383
Gabon,1077 days 01:33:54.782608688,47.315553285435044,6.466848941464259,4.813065969346434,2.147386978410617,1.2711942216580316,1.2031429068934454,0.8095238095238095
Georgia,1077 days 01:33:54.782608688,287.2340921335963,16.540868093564466,11.0139185797184,2.362625457257576,1.111888781705473,0.9868424898814567,0.660455486542443
Germany,1077 days 01:33:54.782608688,6.676965353564021,2.5062669518715164,1.9665133511664812,1.5297615479064306,0.7357922813297002,0.8406291138691228,0.5279503105590062
Ghana,1077 days 01:33:54.782608688,57.426431037999244,7.2227119478726545,5.377306025689325,1.5800851604725417,0.9843183982368084,0.6926063865917215,0.5672877846790889
Greece,1077 days 01:33:54.782608688,23.84267478189893,4.771203464951432,3.382910833115455,,1.1073352988020158,1.1509437116596544,0.5507246376811594
Grenada,1077 days 01:33:54.782608688,45.53266829119581,6.5212587635953545,5.355175539314501,1.8435802687062028,1.158392922984075,1.4327762723014357,0.5652173913043478
Guatemala,1077 days 01:33:54.782608688,18.858593593030424,4.0682449516397154,2.8826429269382023,2.879331716538683,0.5424611682140698,0.6851867773176936,0.5755693581780539
Guinea,1077 days 01:33:54.782608688,7.028052648235321,2.595174958444067,2.0091761759431632,0.5983635104709871,0.37416452474351874,0.47726037601498794,0.5093167701863354
Guinea-Bissau,1077 days 01:33:54.782608688,38.897645460563666,5.5273867193153094,3.6421673777763104,1.0988967979030262,0.5552552018496061,0.8026209488575401,0.8405797101449275
Guyana,1077 days 01:33:54.782608688,162.816494401509,11.49778431922452,7.643711065702888,8.820749130029638,1.3045658833336276,1.092360431148598,0.6086956521739131
Haiti,1077 days 01:33:54.782608688,28.59266386591562,5.17089838435208,4.034461003426231,3.649016720388705,1.3021057565596095,1.3537511040889676,0.6542443064182194
Honduras,1077 days 01:33:54.782608688,20.986110794268356,4.347797466445813,3.2096563630860175,1.7967902287725912,0.582806890586038,0.6859389989140391,0.6853002070393375
Hong Kong SAR,1077 days 01:33:54.782608688,28.058244009409833,5.113392431094679,4.091516838197171,0.8911139883049178,0.7850171160224532,1.0577230311750472,0.6273291925465838
Hungary,1077 days 01:33:54.782608688,21.096584144764172,4.488711252215908,3.6147814076688083,2.7249065314605256,1.1096247257556926,1.2791691856597334,0.5962732919254657
Iceland,1077 days 01:33:54.782608688,37.495339598935324,5.819028609774002,4.509993282295803,4.308652766029192,1.1123370150485608,1.2194669824815465,0.587991718426501
India,1077 days 01:33:54.782608688,10.62413100470584,2.900328259754311,2.2519445876904722,0.45825727101598823,0.2609667428874155,0.3529372984731201,0.629399585921325
Indonesia,1077 days 01:33:54.782608688,30.777543829251115,4.961718292736423,3.6160913538583332,0.7733085120005179,0.44972429366053324,0.6992927227724143,0.6956521739130435
Iran,1077 days 01:33:54.782608688,313.8933935063925,15.006676058654005,9.202628910703572,8.50765208599304,1.884996988017533,1.1234625959000009,0.8902691511387164
Iraq,1077 days 01:33:54.782608688,546.0508964679708,22.469445199618118,19.06904017541976,3.1367664633161136,2.0532998333975683,1.2841167088428536,0.6542443064182194
Ireland,1077 days 01:33:54.782608688,40.37487962187642,6.070534840166859,4.931463307734968,,0.8889448324310828,0.8831111242992874,0.3498964803312629
Israel,1077 days 01:33:54.782608688,10.454151778364734,3.1728321478843737,2.5531194052016732,3.1059324755600977,0.4622306808845148,0.6474272147649558,0.6190476190476191
Italy,1077 days 01:33:54.782608688,8.608837778851658,2.811285086588865,2.0746098909877486,,1.0052490342465918,1.1400941407976077,0.5652173913043478
Jamaica,1077 days 01:33:54.782608688,15.492887497139634,3.619146341660619,2.687674462219989,1.6104655644836738,1.066132613997068,1.2892869466209689,0.7246376811594203
Japan,1077 days 01:33:54.782608688,7.328061402897896,2.5736081064060907,2.118327220597956,,1.0651444737982854,1.3677306926171307,0.5548654244306418
Jordan,1077 days 01:33:54.782608688,67.61121188924311,7.823639822083682,5.84302233574455,1.5343682411559905,1.0374435721624737,1.1212107704884267,0.7080745341614907
Kazakhstan,1077 days 01:33:54.782608688,74.71460810722563,8.468742899691813,6.02568787353926,2.2958667399957235,0.8518390881659391,0.8668130013139473,0.5652173913043478
Kenya,1077 days 01:33:54.782608688,13.311537800021743,3.513664438748993,2.865553081310376,3.289473129253602,0.7406957001221262,0.9598522528540608,0.5486542443064182
Kiribati,1077 days 01:33:54.782608688,19.425519455966036,4.1452648936797285,3.6129861330864768,,1.7747501753562063,1.4109764667723241,0.556935817805383
Kosovo,1077 days 01:33:54.782608688,20.171346266728438,4.371907837316311,3.4658917727265393,2.07874188707376,0.7765697740079648,0.8462637014345051,0.6211180124223602
Kuwait,1077 days 01:33:54.782608688,574.3784847920072,23.00279255262574,17.637208246721848,7.02053572254759,3.121286609889066,1.3224429731463812,0.7515527950310559
Kyrgyz Republic,1077 days 01:33:54.782608688,86.923763550193,9.030552009665355,5.771440264976525,,0.8437093989670417,0.8995368750942314,0.6459627329192547
Lao P.D.R.,1077 days 01:33:54.782608688,31.231741690584,5.3801129552371325,4.031304008403517,1.3965027716423475,0.4549848798943827,0.7950103600628118,0.6521739130434783
Latin America and the Caribbean,1077 days 01:33:54.782608688,24.196042273027874,4.547823977829741,3.2447073336159686,2.763104510404732,0.903630406909558,0.9582487260175402,0.6066252587991718
Latvia,1077 days 01:33:54.782608688,81.1624752528796,8.78763676627047,6.178814486479315,1.5117400884636172,1.0191072623214243,0.9756650255788927,0.5631469979296065
Lebanon,1077 days 01:33:54.782608688,701.0873148441965,23.571514852749196,15.112810011548136,2.760226014656022,1.6486631251522916,1.3755393386528243,0.8198757763975155
Lesotho,1077 days 01:33:54.782608688,8.939186449179143,2.8926126382774786,2.36212833659724,1.088885408895812,0.6306032128170537,0.6463565269724808,0.5921325051759834
Liberia,1077 days 01:33:54.782608688,73.66790293548273,8.155590684407594,6.876778634370759,,1.1985181008712449,1.5245281819523384,0.7080745341614907
Libya,1077 days 01:33:54.782608688,475.4503816074563,20.44830499062719,14.195425905178023,3.5643980262473307,1.205648733443126,1.5283450542700732,0.6314699792960662
Lithuania,1077 days 01:33:54.782608688,21.141567721770098,3.6886155209362395,2.2478931041916224,,0.2360371341788268,0.4180591855455337,0.6169772256728778
Luxembourg,1077 days 01:33:54.782608688,17.581787581008825,4.126126901653849,3.3196013599049525,1.6196933531940916,0.7249965154669787,0.7602908578105397,0.598343685300207
Macao SAR,1077 days 01:33:54.782608688,409.04332730332874,18.834056683541178,14.861670032235738,3.8667969799893047,1.4850184376812958,1.2511124914858343,0.7660455486542442
Madagascar,1077 days 01:33:54.782608688,28.210571205898535,5.056747684563999,3.615871028015724,,0.6437657418058399,0.7813522950684662,0.6811594202898551
Major advanced economies (G7),1077 days 01:33:54.782608688,5.685496057474932,2.2938647932463194,1.6366988087267527,,0.3849829810380873,0.5694955857416177,0.6583850931677019
Malawi,1077 days 01:33:54.782608688,36.70388022869104,5.955657456179716,4.572946096247511,2.329538862966089,0.8041765555721997,0.8048040494109995,0.7101449275362319
Malaysia,1077 days 01:33:54.782608688,25.815127214029317,4.578918072925818,3.314800288736601,0.8633140604825482,0.3088307321077688,0.6116382053246896,0.6542443064182194
Maldives,1077 days 01:33:54.782608688,147.42052304026433,11.290430428378306,7.885877502305232,0.7999939493800785,0.6211627568934568,0.9059871548104014,0.6625258799171843
Mali,1077 days 01:33:54.782608688,26.88793454891652,5.127717039719315,4.252918134616963,5.055762777331565,1.0114107413773339,0.8267759986218021,0.7122153209109731
Malta,1077 days 01:33:54.782608688,24.605145627910883,4.746685861100617,3.792579825005126,2.3765716336448497,0.6358454167511173,0.8954321156462743,0.47204968944099374
Marshall Islands,1077 days 01:33:54.782608688,13.269647319932574,3.5542337340442347,3.022824158972121,1.8567574960423192,1.0079151071943633,1.418265837916494,0.6149068322981367
Mauritania,1077 days 01:33:54.782608688,27.734524771048996,5.084229057177977,3.960159796482718,,0.8401423195376274,0.9749308459032728,0.7660455486542442
Mauritius,1077 days 01:33:54.782608688,38.79796995552118,5.885450519537295,4.223162169628888,0.9874120984373015,0.5491806311341361,0.5766141330498975,0.6418219461697723
Mexico,1077 days 01:33:54.782608688,56.296797912251435,6.963366515280523,4.89311944891769,,0.8903656157912292,1.1797844259509327,0.6169772256728778
Middle East (Region),1077 days 01:33:54.782608688,27.3769351246183,5.118289142202544,4.449933069192802,2.7554462725070725,1.308309243749937,0.9645660937309055,0.41200828157349895
Middle East and Central Asia,1077 days 01:33:54.782608688,13.414191541689823,3.5450704708896748,3.0227700789471683,2.8277915108255245,0.8233578633163355,0.7042808302292956,0.43892339544513453
Moldova,1077 days 01:33:54.782608688,140.59392464625,11.614376200122479,8.820489759172396,3.460676284640193,1.2115374897349203,1.0757986696372843,0.5362318840579711
Mongolia,1077 days 01:33:54.782608688,54.83628760486989,7.3215257560465945,6.308524383185628,1.5705682685461235,1.1083505569603833,1.312404138849911,0.3436853002070393
Montenegro,1077 days 01:33:54.782608688,43.00712176903799,6.396897000346792,4.822265838069105,1.5986156243823086,0.7878175965864429,1.0842883753568135,0.6521739130434783
Morocco,1077 days 01:33:54.782608688,22.94104868568708,4.692083173630024,3.5073152623722224,1.4053228528073363,0.601228104221577,0.7924823946890229,0.7763975155279503
Mozambique,1077 days 01:33:54.782608688,211.20032654763696,13.064959595281255,8.615689427647498,2.4583027652663803,0.9464075105287033,0.8249753258888752,0.6853002070393375
Myanmar,1077 days 01:33:54.782608688,42.00921806153945,6.061625625080057,4.9823947211788875,0.7176717950396542,0.5100701799537317,0.6843561097948958,0.4824016563146998
Namibia,1077 days 01:33:54.782608688,20.00437835628468,4.183673530066568,3.172339105114896,,0.5656812540669699,0.9316976099797406,0.7184265010351967
Nauru,1077 days 01:33:54.782608688,128.3627814106116,9.201513929550662,5.985562502507663,1.7633007577358915,1.0816959029620004,1.1291461936139002,0.6128364389233955
Nepal,1077 days 01:33:54.782608688,22.74629770183398,4.295701463888208,3.0099233569831876,2.660267169680486,0.43784508470388617,0.5813330695577787,0.7391304347826086
Netherlands,1077 days 01:33:54.782608688,7.444475665711181,2.6456386298039862,2.0970294577170576,2.4901499721489935,0.7021908927654175,0.7685977329447624,0.5797101449275363
New Zealand,1077 days 01:33:54.782608688,7.54541731716498,2.6304684347144787,2.10331742433142,,0.6538874570786721,0.8502535169253492,0.670807453416149
Nicaragua,1077 days 01:33:54.782608688,41.265525651817676,6.273695867012654,4.746272767264201,6.6864398311381406,1.0155263006965396,1.0943445110517136,0.5507246376811594
Niger,1077 days 01:33:54.782608688,39.84114733447317,6.0361493122820935,4.1265886878257225,5.5791646437053135,0.9494633770226854,0.921629020380722,0.7681159420289855
Nigeria,1077 days 01:33:54.782608688,34.432116347582706,5.627965557161585,4.474942439125826,1.8985760406205616,0.8174365237470929,0.9766054757680059,0.5734989648033126
North Africa,1077 days 01:33:54.782608688,17.672303361471126,3.9917012819589943,2.8924706449038715,,0.5088714095579098,0.7080797260848477,0.6749482401656315
North America,1077 days 01:33:54.782608688,6.479830627813539,2.4826214568326117,1.8159059282937333,1.3525185211224915,0.36340054452534826,0.5580485106891817,0.7018633540372671
North Macedonia,1077 days 01:33:54.782608688,19.452623178839808,4.12484925988574,3.241867567224986,1.9441513599316647,0.8896066353514956,1.142426667231563,0.6252587991718426
Norway,1077 days 01:33:54.782608688,7.052018352738944,2.5354406081791563,1.9380206643442837,1.6415436894686342,0.7113709187918282,0.7466480384664255,0.6459627329192547
Oman,1077 days 01:33:54.782608688,55.54295604946457,7.0458728994678905,5.350344641303887,1.552629548575389,1.02059375717093,1.37782219379453,0.6853002070393375
Other advanced economies,1077 days 01:33:54.782608688,4.260260798655631,1.9970539031650187,1.584323629671726,0.6730591420982692,0.32787758300024117,0.43979306782663546,0.5362318840579711
Pacific Islands ,1077 days 01:33:54.782608688,21.198462419702082,4.363005054540205,3.3956480874952946,2.649300131917623,0.6984320660801423,0.840186152217064,0.5652173913043478
Pakistan,1077 days 01:33:54.782608688,5.630771805634913,2.2872454783591705,1.7836837466074562,0.7511004815240518,0.3128169393364242,0.4415138169998232,0.5590062111801242
Palau,1077 days 01:33:54.782608688,21.256720921814356,4.433490572956621,3.7280330452964763,,1.083585806675716,1.3787309323901051,0.4886128364389234
Panama,1077 days 01:33:54.782608688,70.96242033073185,8.052524578434022,6.0255593656405715,1.4992502172671185,0.7511145704072903,0.9400913958575768,0.6542443064182194
Papua New Guinea,1077 days 01:33:54.782608688,42.06703309986416,6.305283095640062,5.132807699145649,4.699537384733688,1.1682465252047038,1.0527253494489512,0.5610766045548654
Paraguay,1077 days 01:33:54.782608688,70.19084686028157,7.615242518016064,5.216796221381701,,1.2819984696857654,1.3447617950503643,0.6521739130434783
Peru,1077 days 01:33:54.782608688,115.51963812500905,10.147875489283214,6.870574723925674,1.8497436436686299,1.0290474145549338,1.0398611196376741,0.7474120082815735
Philippines,1077 days 01:33:54.782608688,43.84317862504693,5.890347196978501,3.509072513400678,1.1690824023611726,0.34225876759728036,0.7247089516409311,0.8240165631469979
Poland,1077 days 01:33:54.782608688,56.54726605793002,7.092042323801469,5.076264589861601,2.20268964230782,1.0199336021606065,0.7825615424474743,0.650103519668737
Portugal,1077 days 01:33:54.782608688,24.502686493435778,4.725918754168331,3.644238648899128,1.617219795476369,1.2185985890864954,1.266019072164309,0.5445134575569358
Puerto Rico,1077 days 01:33:54.782608688,20.14925326549757,4.35719335319203,3.762768597448554,,1.3994661989769586,1.2954889358523816,0.45341614906832295
Qatar,1077 days 01:33:54.782608688,134.7511332793907,11.394310634928791,9.317499027696645,3.051240705562654,1.3882734306704316,1.1038632611679566,0.5859213250517599
Republic of Congo,1077 days 01:33:54.782608688,86.08911349344187,8.900822699666527,7.458538154321388,2.69231048971459,1.461773770354109,1.52735905964597,0.6211180124223602
Republic of Korea,1077 days 01:33:54.782608688,43.0232027555744,6.116459276154106,4.265441529612781,0.8774160238415544,0.5275477940910692,0.5238832867050566,0.7267080745341615
Republic of South Sudan,1077 days 01:33:54.782608688,554.7585974351005,23.03201492153655,17.110982749405487,2.8562218802107124,1.3183755313075511,1.5407687642293053,0.6542443064182194
Republic of Turkiye,1077 days 01:33:54.782608688,25.611414141380795,4.627244518749482,3.9003491732807416,2.0225420553093914,0.6600951934230169,0.7352947168225795,0.6583850931677019
Romania,1077 days 01:33:54.782608688,54.61777004479502,7.296283534735439,6.292685712363612,3.365631092390526,1.4540857875980961,1.3814290402765497,0.42028985507246375
Russian Federation,1077 days 01:33:54.782608688,60.83928204593195,7.602136066527512,5.732424402493657,2.3233096897689918,1.0018604834165772,1.0068372190065715,0.4782608695652174
Rwanda,1077 days 01:33:54.782608688,149.19058132637656,11.754067004467606,8.419610082782254,4.746092999441735,0.8576661437697892,1.0161698284165364,0.6521739130434783
Saint Kitts and Nevis,1077 days 01:33:54.782608688,40.64734913564711,6.075476001707781,4.916959234279044,,1.151983635589876,1.0018377777174552,0.515527950310559
Saint Lucia,1077 days 01:33:54.782608688,65.89078491478986,7.667959934256988,5.812388862616889,,1.403903108643707,1.3722795840769721,0.5817805383022774
Saint Vincent and the Grenadines,1077 days 01:33:54.782608688,12.867265623012914,3.4049221972180015,2.7760377194967503,1.5098509837976424,0.6801589053381751,0.8615862511981778,0.6211180124223602
Samoa,1077 days 01:33:54.782608688,46.933427137651094,6.579507934760571,5.15144894651574,4.555937318075239,2.1132679106144465,1.0391244621687175,0.5817805383022774
San Marino,1077 days 01:33:54.782608688,39.95146829940924,6.152248533870839,4.692924106364944,3.1849830688781937,1.1828989895546294,1.302534462246527,0.5320910973084886
Saudi Arabia,1077 days 01:33:54.782608688,300.2535646128902,15.805599857850998,10.340766640131516,6.876358505114846,2.296959140234265,1.1703368265747442,0.7805383022774327
Senegal,1077 days 01:33:54.782608688,13.338378776592466,3.428165269698755,2.5917239076289236,2.472983001425976,0.5535846452005027,0.8130639523532113,0.7846790890269151
Serbia,1077 days 01:33:54.782608688,25.512756431414697,4.643876656365172,3.8028862059640796,1.386371623730739,0.7814644266287302,1.1441270049898726,0.6107660455486542
Seychelles,1077 days 01:33:54.782608688,44.778544690263615,6.5764035317335106,5.216298862569849,2.1349713679066014,0.9061535989013175,0.9021685910287273,0.556935817805383
Sierra Leone,1077 days 01:33:54.782608688,149.22717933323162,11.693805032404313,8.81405020829817,2.26152651523522,1.5008677683025908,1.3273426133994592,0.5134575569358178
Singapore,1077 days 01:33:54.782608688,29.48383272337817,5.19871825688235,4.1485919923134835,2.1911333023729993,0.5504993907583572,0.7612809630542522,0.6459627329192547
Slovak Republic,1077 days 01:33:54.782608688,14.20355215641057,3.6727746281726037,2.8925152487770447,11.842281132174486,0.5618636713063957,0.8016838704780931,0.43064182194616973
Slovenia,1077 days 01:33:54.782608688,11.348073940246104,3.200399395049723,2.3314384243542,0.8103613427364807,0.4055112017049223,0.7060102318406106,0.4244306418219462
Solomon Islands,1077 days 01:33:54.782608688,52.927992611015824,6.895169248958665,5.2363416061353405,3.3727651812105837,0.9848902986189922,1.0856813423600535,0.6542443064182194
Somalia,1077 days 01:33:54.782608688,3.6954381272555517,1.8479188873388346,1.6130770427956098,1.1588941734086737,0.4300761889400891,0.49906369373128895,0.5010351966873706
South Africa,1077 days 01:33:54.782608688,27.80296595199291,4.861219612264524,3.663659629283301,,1.2033941746048142,1.25943444842095,0.577639751552795
South America,1077 days 01:33:54.782608688,25.61366455452904,4.863625868898104,3.827437297546695,3.8975940240113034,1.5837353873374607,1.1206674069512788,0.5590062111801242
South Asia,1077 days 01:33:54.782608688,7.227509004703155,2.3680449986013863,1.8006484336276392,0.3477234743123296,0.2396979464973789,0.30225494876959386,0.6273291925465838
Southeast Asia,1077 days 01:33:54.782608688,18.94139918278705,3.8504790951569925,2.698545575780695,0.47903528869950424,0.27649172401806715,0.5140686547930757,0.7246376811594203
Spain,1077 days 01:33:54.782608688,15.43989274280052,3.6997909106014846,2.7246274300734066,1.7567499030885192,0.5202130886711418,0.792349977925951,0.5320910973084886
Sri Lanka,1077 days 01:33:54.782608688,20.603838559611905,4.371661916101163,3.5267663680988006,1.7644017858475085,0.5788973266877311,0.7740586618664703,0.5755693581780539
Sub-Saharan Africa,1077 days 01:33:54.782608688,6.98879447212625,2.5955387992250767,2.196827541126297,,0.5521464694462708,0.71196849769419,0.4968944099378882
Sub-Saharan Africa (Region) ,1077 days 01:33:54.782608688,8.06799107511051,2.7871980343870906,2.347188972134677,1.3686760875385289,0.5371946810802438,0.6452738346456023,0.5548654244306418
Sudan,1077 days 01:33:54.782608688,53.862210726056944,7.07977421529009,5.110969437761932,1.6070992075815742,0.7624874563239785,0.965701419054741,0.7060041407867494
Suriname,1077 days 01:33:54.782608688,58.23001861539774,7.0458589024487805,5.496302498614411,3.4823854487925394,1.193984780979628,1.101566365250545,0.6853002070393375
Sweden,1077 days 01:33:54.782608688,9.500066801160825,2.9992784539299002,2.4455699183883115,1.1457260555994102,0.7890362966167196,1.0506737492168017,0.4658385093167701
Switzerland,1077 days 01:33:54.782608688,8.545001211196553,2.812609883798788,2.0852866862315573,3.37820635875459,0.7082364053121404,0.9929693203499566,0.6376811594202898
Syria,1077 days 01:33:54.782608688,60.80756499577528,7.524760475012158,5.793770457212583,2.814516181972389,0.849908022581839,1.0669507564477567,0.6977225672877846
São Tomé and Príncipe,1077 days 01:33:54.782608688,15.228960697213722,3.7873432427523253,2.9936646580146062,1.2700963309823479,0.8535266387575284,0.7389629473995634,0.8178053830227744
Taiwan Province of China,1077 days 01:33:54.782608688,7.972676634565591,2.7629852433914874,2.2555756539497245,0.6711616877609509,0.3490493794358616,0.47565314313483703,0.6728778467908902
Tajikistan,1077 days 01:33:54.782608688,95.04535087162449,9.55809014113804,5.866351840810171,1.1014436020043779,0.3249513022339565,0.6600619925477136,0.6521739130434783
Tanzania,1077 days 01:33:54.782608688,8.110638932991314,2.7674149893987656,2.101209814455039,0.9162548877742349,0.27823852783293584,0.4318821951836594,0.6190476190476191
Thailand,1077 days 01:33:54.782608688,32.00593260791816,5.215914726587935,3.930353937786813,0.9573067319772548,0.4637622009503128,0.6698082986689213,0.5859213250517599
The Bahamas,1077 days 01:33:54.782608688,41.21691395139883,5.912024128359999,4.242536299089599,1.249839198116471,1.0112749947623454,1.2838345641441296,0.5838509316770186
The Gambia,1077 days 01:33:54.782608688,140.06376845858725,9.767375653617872,5.723379574196942,2.085659213595016,0.6233972978468622,0.9136143156328602,0.9006211180124223
Timor-Leste,1077 days 01:33:54.782608688,56.563031568018,7.241383388559885,5.624059547048163,1.3459242747773423,0.9137292012933457,1.1736348418727962,0.6832298136645962
Togo,1077 days 01:33:54.782608688,64.87996997648352,7.6457951868678355,5.497551862516489,1.8684281338914452,0.8432512778640167,1.005437585142296,0.7142857142857143
Tonga,1077 days 01:33:54.782608688,115.63447368198203,10.182674691599114,7.94872447268816,9.488061698629572,4.967352839261581,1.7003832396370264,0.7577639751552795
Trinidad and Tobago,1077 days 01:33:54.782608688,133.17055852666329,11.161206000658497,9.042513644361547,5.989854663482422,1.9120504412715023,1.2985782958414216,0.47204968944099374
Tunisia,1077 days 01:33:54.782608688,12.668554598150198,3.2740630060805227,2.4079177643089484,1.928168709678038,0.4644372215521738,0.6630294977239839,0.7536231884057971
Turkmenistan,1077 days 01:33:54.782608688,177.15963101412635,13.077846146111225,9.208783580643997,2.8126480096728805,0.8667290934329857,0.884913769302333,0.43892339544513453
Tuvalu,1077 days 01:33:54.782608688,22.974464046378788,4.681101496819974,3.9858895750856305,1.5802166217459679,1.020994358590355,1.3708002177263132,0.42650103519668736
Uganda,1077 days 01:33:54.782608688,29.323143556543783,5.267378587592859,3.7995130755574853,2.258845020275425,0.3609002672404149,0.6043349575091188,0.7142857142857143
Ukraine,1077 days 01:33:54.782608688,115.2715962219008,10.393485373582019,7.349351226953019,,0.9249945208510857,1.014714947931881,0.5072463768115942
United Arab Emirates,1077 days 01:33:54.782608688,93.81549386845211,9.361219092727689,6.982369554768424,,1.5301738863096035,0.9773065317802868,0.7660455486542442
United Kingdom,1077 days 01:33:54.782608688,18.298536451731074,4.101858273400306,2.8400336986313186,,0.511770804859513,0.7063980994759191,0.6666666666666666
United States,1077 days 01:33:54.782608688,8.928524665268062,2.8943303546319252,2.1044765601800037,2.809464188913734,0.46007097455710544,0.5834949547596505,0.6728778467908902
Uruguay,1077 days 01:33:54.782608688,77.2861116942297,8.153341769766952,5.806498643200394,4.826882413710395,1.4176422862684597,1.1429643282186177,0.6811594202898551
Uzbekistan,1077 days 01:33:54.782608688,50.031674469792584,6.897868839382208,5.001072203560747,1.56744011985901,0.6777016786868326,0.843614884795192,0.5942028985507246
Vanuatu,1077 days 01:33:54.782608688,21.58774320919537,4.51775431599,3.379709245371103,1.7424990619790275,0.8113661896868032,1.0200133983878596,0.6749482401656315
Venezuela,1077 days 01:33:54.782608688,164.48082277902085,12.502264116749139,9.913561244531845,3.6192029260012477,1.3560364790269273,1.4441392522340613,0.5010351966873706
Vietnam,1077 days 01:33:54.782608688,22.357963055760532,4.441476646119679,3.025501188257652,0.6543427689580882,0.30068137233643777,0.36263765605207354,0.732919254658385
West Bank and Gaza,1077 days 01:33:54.782608688,140.87827067995838,11.570310200737492,8.728685846489885,3.2302592770837313,1.0013043721973716,1.1760589099722205,0.6542443064182194
Western Europe,1077 days 01:33:54.782608688,6.159548257478649,2.308292498810662,1.6382741645518806,1.7484281350294195,0.5558004475107859,0.6657124441008879,0.5507246376811594
Western Hemisphere (Region),1077 days 01:33:54.782608688,6.822719348390357,2.566627778064271,1.8633237037422257,0.8300138499537858,0.4563905535224127,0.6253578727325351,0.6066252587991718
World,1077 days 01:33:54.782608688,4.521861780498154,2.010128769827651,1.5667555591311846,1.6768729491399967,0.317256461577693,0.42314042485529996,0.525879917184265
Yemen,1077 days 01:33:54.782608688,80.37112112420604,8.160469130125268,5.654125175894227,2.7333418119985695,0.7400625477713391,0.9954176198051116,0.6915113871635611
Zambia,1077 days 01:33:54.782608688,46.85376668185354,6.511271555985675,5.440496715939607,2.6511614142064293,1.1094587501863975,1.210925870194253,0.5817805383022774
Zimbabwe,1077 days 01:33:54.782608688,131.73411730048954,11.246157641614696,8.7798441569979,2.368440236080624,1.3112629999372776,1.3905148388140607,0.6314699792960662
